Meeting,Date,Agenda,Agenda_Text,Error,EIP_Mention,EIP
perma-archive,Missing,https://github.com/ethereum/pm/tree/master/AllCoreDevs-Meetings,,Error,FALSE,
Meeting 163,6/8/2023,https://github.com/ethereum/pm/issues/786,"Cancun Progress
4844 blob limit
devnet-6
Cancun scope planning
EIP-4788 design
Engine API: employ one method one structure approach for V3 execution-apis#418
Honest validator duties (context)
Holesky Testnet Launch Coordination Call #0 #803",,TRUE,EIP-4788
Meeting 162,5/25/2023,https://github.com/ethereum/pm/issues/781,"Cancun scope planning
SELFDESTRUCT removal impact analysis
Proposal to include SETCODE along with 6780
SETCODE security concerns
EIP-4844 updates
Update EIP-4844: add data_gas_used to header EIPs#7062
Update EIP-4844: Refactor Validity Conditions EIPs#6583
devnet status
PR-7038 - Cleanup transaction network payload references
PR-7020 - Specify precompile input‚Äôs z and y to be encoded as big endian
PR-398 - Add dataGasUsed and dataGasPrice to receipts for 4844 txs
SSZ -> RLP change & CFI updates
Cancun Opcode Allocations
Other EIPs
EIP-4788 update
Add EIP: Revamped CALL instructions EIPs#7069
MCOPY
PAY",,TRUE,"EIP-4844,EIP-4844,EIP-4844,EIP-4788"
Meeting 161,5/11/2023,https://github.com/ethereum/pm/issues/768,"Cancun scope planning
Implementation & testing progress
EIP-4844
4844 precompile input/output endianness mismatch
RLPing 4844: EL, CL vs. SSZ
EIP-4844: Explicit Clarification on Block Validity with Blob Transactions using an Invalid Versioned Hash EIPs#7009
KZG libraries
Other EIPs:
Contract Secured Revenue on an EVM based L2
L2 EIPs/standards on ACD?
EIP-5656",,TRUE,"EIP-4844,EIP-4844,EIP-5656"
Meeting 160,4/27/2023,https://github.com/ethereum/pm/issues/759,"Cancun CFI consideration
EIP-4844 blob re-orgs & newPayload(context)
4844 devnet-5 updates",,TRUE,EIP-4844
Meeting 159,4/13/2023,https://github.com/ethereum/pm/issues/754,"Shanghai Recap
Cancun Updates
Update EIP-4788: Move to Draft EIPs#6859
Capella Genesis
State that payloadId should be unique for each PayloadAttributes instance execution-apis#401
TBA",,TRUE,EIP-4788
Meeting 158,3/30/2023,https://github.com/ethereum/pm/issues/744,"Shanghai Updates
Announcement
Update EIP-4895: add mainnet timestamp for shanghai fork EIPs#6803
Cancun Updates
Mega EOF
EIP-6780
EIP-4788 (context)
Add getPayloadV3 with builder override flag execution-apis#395",,TRUE,"EIP-4895,EIP-6780,EIP-4788"
Meeting 157,3/16/2023,https://github.com/ethereum/pm/issues/737,"Shanghai Updates
Goerli Upgrade Recap
Mainnet Date?
Allow EL to suggest local execution execution-apis#388
Cancun Updates
SSZ updates:
https://hackmd.io/y1MCA5Q-R4eMVyOBHiRH7Q
https://eips.ethereum.org/EIPS/eip-6404#test-cases
Proposed EIPs so far:
SELFDESTRUCT removal (4758, 6046, 6190, etc.)
EVMMAX: EIP-6601 & EIP-6690
EOF
EIP-2537
EIP-1153
EIP-4788
EIP-663
EIP-5920
https://medium.com/ethereum-cat-herders/exploring-ethereums-client-ecosystem-afc9affa84dd",,TRUE,"EIP-6404,EIP-6601,EIP-6690,EIP-2537,EIP-1153,EIP-4788,EIP-663,EIP-5920"
Meeting 156,3/2/2023,https://github.com/ethereum/pm/issues/729,"Shanghai Updates
Sepolia Upgrade Recap
Goerli Upgrade Date
Cancun Updates
SSZ Transactions Breakout Room #2 #727
CFI Process
EIP-5920
EIP-6190
Client Updates/Discussion
pending block/transaction support
eth/66 deprecation
sync non-merged networks",,TRUE,"EIP-5920,EIP-6190"
Meeting 155,2/16/2023,https://github.com/ethereum/pm/issues/720,"Shanghai Updates
Sepolia Upgrade Feb 28
Cancun Updates
EIP-4844: 0-blob transactions
Allow in protocol? in mempool?
If allowed, how & where to check for blob count/txn type? eth/68?
Transaction pool design based on the above
SSZ Transactions Breakout Room  #721
EIP-6465
minimal presets (context)
Standardize 'txpool' namespace execution-apis#353",,TRUE,"EIP-4844,EIP-6465"
Meeting 154,2/2/2023,https://github.com/ethereum/pm/issues/715,"Shanghai Updates
zhejiang testnet launch
Testnet upgrades order
Cancun Updates
4844 gas costs benchmarking
4844 0-blobs transactions
Transaction pool spec/test suite
Blob/block coupling
Define eth_account execution-apis#329
SSZ
Potential Transaction SSZ Refactor
EIP-6404
Block benchmarking",,TRUE,EIP-6404
Meeting 153,1/19/2023,https://github.com/ethereum/pm/issues/704,"Shanghai Updates
Testing & devnets
Withdrawal roots SSZification & wei/gwei conversion, see:
CL-EL withdrawals harmonization: using units of Gwei execution-apis#354
EIP-4895: CL-EL withdrawals harmonization: using units of Gwei EIPs#6325
Add hexary trie roots for lists in ExecutionPayloadHeader consensus-specs#3078
EIP-6049: Deprecate SELFDESTRUCT
EOF updates
Cancun CFI (context)
Network Upgrade Meta Threads
Announcements
Shanghai/Capella Community Call #1 #708
https://medium.com/ethereum-cat-herders/client-diversity-on-ethereum-network-3854b5c3c95f",,TRUE,"EIP-4895,EIP-6049"
Meeting 152,1/5/2023,https://github.com/ethereum/pm/issues/700,"Shanghai Updates
Withdrawal Testing & Devnets updates
EIP-3860: Change the failure to OOG EIPs#6249
EOF Status update & deadline
https://notes.ethereum.org/@ipsilon/eof2-proposal
Testing updates
EIP-4844 updates
Add hexary trie roots for lists in ExecutionPayloadHeader consensus-specs#3078
EIP discussion:
https://ethereum-magicians.org/t/eip-5483-evm-modular-arithmetic-extensions/12425
https://eips.ethereum.org/EIPS/eip-5988",,TRUE,"EIP-3860,EIP-4844,EIP-5483,EIP-5988"
Meeting 150,11/24/2022,https://github.com/ethereum/execution-specs/tree/master/network-upgrades#definitions,"Merge Updates
Ropsten Merge updates
EL responsiveness to getPayload requests from CL clients
Extend PayloadAttributes with configurable gas_limit builder-specs#29
Sepolia beacon chain #526
Coordination-Thread: Merge G√∂erli execution-testnet with Prater consensus-testnet eth-clients/goerli#98
Difficulty Bomb Tracking
EIP-5133
EIP Discussions
EIP-4444 updates
EIP-5027
Announcements
EIP-4844 Breakout Room  #543
KZG-Ceremony Breakout Call #1 #546",,TRUE,"EIP-5133,EIP-4444,EIP-5027,EIP-4844"
Meeting 151,11/10/2022,https://github.com/ethereum/pm/issues/675,"KZG Ceremony update
Engine API spec improvement proposal execution-apis#321
Withdrawals devnet/testing updates
Shanghai Planning #450 (comment)
Included EIPs Candidates
Shanghai CFI'd EIPs
EIP-663
EIP-6046: Replace SELFDESTRUCT with DEACTIVATE
Commitments for following fork
Timestamp fork spec
Add engine_getPayloadV2 with locally built block value execution-apis#314
Devnet plans
Other topics
Define eth_account execution-apis#329
Engine API: add getPayloadBodiesByRangeV1 to #146 execution-apis#218
Add EIP-5988: Add Poseidon hash function precompile EIPs#5988",,TRUE,"EIP-663,EIP-6046,EIP-5988"
Meeting 149,11/10/2022,https://github.com/ethereum/pm/issues/652,"Shanghai Planning #450 (comment)
EOF updates
EIP-4844 updates
Increasing Operational Cost of Running an Ethereum Node
Shanghai Candidate EIPs discussions
EIP-4758
Proposal to include EIP-1153 in Shanghai #438
Proposal to add EIP-2537 (BLS Precompile) to Shanghai #343
Proposal to add EIP-2294 to Shanghai  #645
Engine API spec improvement proposal execution-apis#321
Shanghai ""Core"" vs prototypes devnet
Other topics
Ropsten sunset date (and testnet sunsetting generally)
Executable Specs
https://github.com/ethereum/execution-spec-tests/",,TRUE,"EIP-4844,EIP-4758,EIP-1153,EIP-2537,EIP-2294"
Meeting 148,10/27/2022,https://github.com/ethereum/pm/issues/624,"Shanghai Planning #450 (comment)
Client team updates/priorities
Currently CFId EIPs
Withdrawals update
Fork activation
Shandong
Other topics
Engine API block value response
eth/68: Add transaction type to tx announcement
Goerli Supply Issues
Executable Specs
[If time permits] Shanghai Candidate EIPs discussions
EIP-2537
EIP-2315",,TRUE,"EIP-2537,EIP-2315"
Meeting 147,9/15/2022,https://github.com/ethereum/pm/blob/master/AllCoreDevs-EL-Meetings/Meeting%20147.md,"Merge Updates
Shanghai Planning #450 (comment)
Announcements
Ethereum Magicians Sessions @ Devcon",,FALSE,
Meeting 146,9/1/2022,https://github.com/ethereum/pm/issues/609,"Merge Updates
Other",,FALSE,
Meeting 145,8/18/2022,https://github.com/ethereum/pm/issues/592,"Merge Updates
Sepolia post-merge upgrade
Mainnet Shadow Fork
Mainnet 5GB DAG size & hashrate
Tentative mainnet TTD execution-specs#585
mev-boost relay censorship (& censorship resistance more broadly, see below)
Kiln deprecation",,FALSE,
Meeting 144,8/4/2022,https://github.com/ethereum/pm/issues/583,"Merge Updates
Sepolia mergeNetsplitBlocks 
[Bellatrix] Coordination-Thread: Merge G√∂erli execution-testnet with Prater consensus-testnet eth-clients/goerli#98
GSF6
Engine API RFC
[RFC] Engine API: remove INVALID_BLOCK_HASH execution-apis#270
[RFC] Engine API: is payload statuses worth reworking? execution-apis#271
Checkpoint Sync API
Checkpoint Sync API beacon-APIs#226
TTD Block Gossip
mev-boost relay updates
Mainnet 5GB DAG size
EIP Process & execution-specs: proposals",,TRUE,
Meeting 143,7/21/2022,https://github.com/ethereum/pm/issues/572,"Merge Updates
Sepolia mergeNetsplitBlocks 
EL clients auth ports activation
Coordination-Thread: Merge G√∂erli execution-testnet with Prater consensus-testnet eth-clients/goerli#98
mev-boost failures & liveness
EIP Discussions
EIP-4444 updates
Encoding/decoding spec (rfc) henridf/eip44s-proto#1
https://github.com/henridf/EIPs/blob/eip-premerge-oob/EIPS/eip-premerge-oob.md
Announcements
EIP-4844 Breakout Room #2 #581
Merge transition delay builder-specs#38",,TRUE,"EIP-4444,EIP-44,EIP-4844"
Meeting 142,7/8/2022,https://github.com/ethereum/pm/issues/562,"Gray Glacier Updates
Merge Updates
Sepolia Merge
Ropsten & Sepolia mergeNetsplitBlocks 
Make explicit that the child of LVH is INVALID execution-apis#254
Coordination-Thread: Merge G√∂erli execution-testnet with Prater consensus-testnet eth-clients/goerli#98
Guidance for current PoA signers
mev-boost updates
EIP Discussions
EIP-4444 updates
Announcements:
Next ACD: Thursday July 21, 14:00 UTC",,TRUE,EIP-4444
Meeting 141,6/24/2022,https://github.com/ethereum/pm/blob/master/AllCoreDevs-EL-Meetings/Meeting%20141.md,,,,"EIP-5027,EIP-4444"
Meeting 140,6/10/2022,https://github.com/ethereum/pm/issues/538,"Merge Updates
Ropsten Merge updates
EL responsiveness to getPayload requests from CL clients
Extend PayloadAttributes with configurable gas_limit builder-specs#29
Sepolia beacon chain #526
Coordination-Thread: Merge G√∂erli execution-testnet with Prater consensus-testnet eth-clients/goerli#98
Difficulty Bomb Tracking
EIP-5133
EIP Discussions
EIP-4444 updates
EIP-5027
Announcements
EIP-4844 Breakout Room  #543
KZG-Ceremony Breakout Call #1 #546",,TRUE,"EIP-5133,EIP-4444,EIP-5027,EIP-4844"
Meeting 139,5/27/2022,https://github.com/ethereum/pm/issues/528,"Merge Updates
Ropsten TTD issue
Engine API: add getPayloadBodiesByRangeV1 to #146 execution-apis#218
Sepolia beacon chain #526
Ropsten beacon chain #525
Coordination-Thread: Merge G√∂erli execution-testnet with Prater consensus-testnet eth-clients/goerli#98
Difficulty Bomb Tracking
EIP Discussions (If time permits)
Optimizing EIP-4844 transaction validation for mempool (using KZG proofs) EIPs#5088
EIP-2537 (link)
(Moved to next call) EIP-5027",,TRUE,"EIP-4844,EIP-2537,EIP-5027"
Meeting 138,5/13/2022,https://github.com/ethereum/pm/issues/518,"Merge Updates
Shadow Fork Updates
RFC: Engine API response status when merge transition block is INVALID execution-apis#212
JSON-RPC: Add finalized and safe blocks execution-apis#200
Sepolia beacon chain #526
Ropsten beacon chain #525
Difficulty Bomb Tracking
EIP Discussions
EIP-4938
Proposal to add EIP-5022 to Shanghai #519
EIP-5081: Expirable Transaction",,TRUE,"EIP-4938,EIP-5022,EIP-5081"
Meeting 137,4/29/2022,https://github.com/ethereum/pm/issues/514,"Merge Updates
Shadow Fork Updates
lastestValidHash issues
RFC: Engine API response status when merge transition block is INVALID execution-apis#212
JSON-RPC: Add finalized and safe blocks execution-apis#200
Gas Limit & Block Builders (see here)
Post-Merge testnets #460 (comment)
Shanghai Planning #450",,FALSE,
Meeting 136,4/15/2022,https://github.com/ethereum/pm/issues/508,"Merge Updates
Shadow Fork Updates
lastestValidHash support
Testnet Plans
Shanghai Planning #450
SELFDESTRUCT & EOF
Verkle Tries Code Chunking & EOF
Pause for new CFI EIPs
EIP-4396",,TRUE,EIP-4396
Meeting 135,4/1/2022,https://github.com/ethereum/pm/issues/500,"Merge Updates
Kiln üî•üß± Updates
Shadow Fork Updates
latestValidHash EL implementations (context, summary)
Shanghai Planning #450
EIP-4895 updates
EIP-1153
EIP-4758
G√∂eIP-001: Set Balance of 0x552fCB6425a1eD22696c967E741C3bC49c52c338 to Ninety-two Quintillion Ether eth-clients/goerli#97",,TRUE,"EIP-4895,EIP-1153,EIP-4758,EIP-001"
Meeting 134,3/18/2022,https://github.com/ethereum/pm/issues/492,"Merge Updates
Kiln üî•üß± Updates
Shanghai Planning #450
Beacon Chain Withdrawals for Shanghai #495
EIP-4844 updates
Core EIPs & executable specs (link)",,TRUE,EIP-4844
Meeting 133,3/4/2022,https://github.com/ethereum/pm/issues/481,"Merge Updates
Kiln üî•üß± Updates
Public launch/documentation for clients
Shanghai Planning #450
EIP-4863: Beacon chain push withdrawals
EIP-4844: Shard Blob Transactions
EIP 3651: Warm COINBASE
EIP discussions:
EIP-3978: Reprice reverted SSTORE/CREATE/SELFDESTRUCT/LOGX operations to 100 gas via gas refund mechanism due to state non-modification
Announcements:
EL Merge Client Release Naming Breakout Room #491",,TRUE,"EIP-4863,EIP-4844,EIP-3651,EIP-3978"
Meeting 132,2/18/2022,https://github.com/ethereum/pm/issues/472,"Goerli Issues
Merge Updates
Kiln üî•üß± Updates
v2
Authentication for engine api execution-apis#167
Engine API: add engine_exchangeTransitionConfigurationV1 execution-apis#172
EIP-4399 in Review & RANDOM vs. DIFFICULTY
Kurtosis overview
Shanghai Planning #450
EIP-4788: Beacon state root in EVM EIPs#4788
Beacon Chain Withdrawal EIP update
EIP-4803: Limit transaction gas to a maximum of 2^63-1",,TRUE,"EIP-4399,EIP-4788,EIP-4803"
Meeting 131,2/4/2022,https://github.com/ethereum/pm/issues/459,"Merge Updates
Kintsugi üçµ office hours
Incident report
Kiln üî•üß± Meta Spec
Testing for v1
Additions for v2
Authentication for engine api execution-apis#167
Engine API: add engine_exchangeTransitionConfigurationV1 execution-apis#172
Post-Merge testnets #460
Shanghai Planning #450
Move to CFI?
Proposal to add EIP-3540 to Shanghai #329
Proposal to add EIP-3670 to Shanghai #360
Proposal to add EIP-3860 to Shanghai #388
Proposal to add EIP-3855 to Shanghai #387
Proposal to add EIP-4200 to Shanghai #462
Proposal to add EIP-2315 (Simple Subroutines) and EIP-4200 (Static Relative Jumps) into Shanghai. #469
Proposal to add EIP-4750 to Shanghai #471
Proposal to include EIP-3074 in Shanghai #394
EIP-4488 vs. blob-carrying transactions
Executable EL spec overview
Merge Community Call #3 #465",,TRUE,"EIP-3540,EIP-3670,EIP-3860,EIP-3855,EIP-4200,EIP-2315,EIP-4200,EIP-4750,EIP-3074,EIP-4488"
Meeting 130,1/21/2022,https://github.com/ethereum/pm/issues/449#issue-1096429590,"Kintsugi üçµ office hours
Engine API: extend semantics of executePayload and forkchoiceUpdated methods execution-apis#165
Engine API: proposal for authentication execution-apis#162
Tooling support for DIFFICULTY to RANDOM change #457
Post-merge testnets
Shanghai Planning #450
EIP-2537
EIP-2315
EIP-4444/4488",,TRUE,"EIP-2537,EIP-2315,EIP-4444"
Meeting 129,1/7/2022,https://github.com/ethereum/pm/issues/436,"Kintsugi üçµ office hours
EIP Discussions:
Proposal to include EIP-1153 in Shanghai #438
Shanghai Planning",,TRUE,EIP-1153
Meeting 128,12/10/2021,https://github.com/ethereum/pm/issues/428,"Arrow Glacier recap
Kintsugi üçµ office hours
EIP discussion:
EIP-4488: Transaction calldata gas cost reduction with total calldata limit",,TRUE,EIP-4488
Meeting 127,11/26/2021,https://github.com/ethereum/pm/issues/416,"Arrow Glacier reminder
Kintsugi üçµ office hours
Engine API: refine message ordering section, how to reset request IDs link
Engine API: proposal to add engine_getBlockBodies method
Merge Updates
Fork Identifiers for the Merge (context)
Merge Historical Data Guarantees
EIP discussion:
EIP-4488: Transaction calldata gas cost reduction with total calldata limit
EIP-4490: Second transaction data gas cost reduction
Infinite Garden Documentary",,TRUE,"EIP-4488,EIP-4490"
Meeting 126,11/12/2021,https://github.com/ethereum/pm/issues/407,"Arrow Glacier
Kintsugi üçµ office hours
Merge Updates
Fork Identifiers for the Merge (context)
Proposal to Include EIP-4396 in the Shanghai Hard Fork #406
EIP-4444: Bound Historical Data in Execution Clients",,TRUE,"EIP-4396,EIP-4444"
Meeting 125,10/29/2021,https://github.com/ethereum/pm/issues/401,"Merge Updates EIP-3675: Upgrade consensus to Proof-of-Stake #361
Arrow Glacier
Proposal to Include EIP-4396 in the Shanghai Hard Fork #406
Verkle Tries update",,TRUE,"EIP-3675,EIP-4396"
Meeting 124,10/15/2021,https://github.com/ethereum/pm/issues/396,"Merge Interop Updates EIP-3675: Upgrade consensus to Proof-of-Stake #361
Engine API
Sync process
Specs
Arrow Glacier
Proposal to include EIP-4345 in Arrow Glacier #397
Enshrine EIP-3607: Reject transactions from senders with deployed code #390",,TRUE,"EIP-3675,EIP-4345,EIP-3607"
Meeting 123,10/1/2021,https://github.com/ethereum/pm/issues/391,"Merge Interop Updates EIP-3675: Upgrade consensus to Proof-of-Stake #361
Engine API
Sync process
Specs
December Fork Planning
If time permits:
EIPs to be discussed [EIP-3436 & EIP-2976] #383
Enshrine EIP-3607: Reject transactions from senders with deployed code #390",,TRUE,"EIP-3675,EIP-3436,EIP-2976,EIP-3607"
Meeting 122,9/17/2021,https://github.com/ethereum/pm/issues/384,"Merge Interop Updates EIP-3675: Upgrade consensus to Proof-of-Stake #361
Engine API
Sync process
Specs
EIPs for discussion:
Proposal to include EIP-3756: Gas Limit Cap #389
Proposal to add EIP-3855 to Shanghai #387
Proposal to add EIP-3860 to Shanghai #388
Announcements:
https://github.com/ethereum/go-ethereum/blob/master/docs/postmortems/2021-08-22-split-postmortem.md
If time permits:
EIPs to be discussed [EIP-3436 & EIP-2976] #383
Enshrine EIP-3607: Reject transactions from senders with deployed code #390",,TRUE,"EIP-3675,EIP-3756,EIP-3855,EIP-3860,EIP-3436,EIP-2976,EIP-3607"
Meeting 121,9/3/2021,https://github.com/ethereum/pm/issues/379,"Merge Updates EIP-3675: Upgrade consensus to Proof-of-Stake #361
https://hackmd.io/@n0ble/consensus_api_design_space
https://github.com/fjl/p2p-drafts/blob/master/merge-sync/merge-sync.md
EIP-3756: Gas Limit Cap
EIP status updates:
EIP-2364: eth/64: forkid-extended protocol handshake
EIP-2464: eth/65: transaction announcements and retrievals
Announcement:
Post London EIP-1559 Assessment Part II (Breakout #13) #374",,TRUE,"EIP-3675,EIP-3756,EIP-2364,EIP-2464,EIP-1559"
Meeting 120,8/20/2021,https://github.com/ethereum/pm/issues/370,"Merge updates EIP-3675: Upgrade consensus to Proof-of-Stake #361
Consensus API design space
London Retrospective (link)
Limiting account nonce: EIP 2681 vs. 3338 see comments 1, 2
EIP-1352, see comment
eth/65 deprecation eth: drop eth/65, the last non-reqid protocol version go-ethereum#23120
EIP-3607, core: check if sender is EOA go-ethereum#23303
Announcements:
Geth hotfix v1.10.8
JSON RPC spec reviews JSON RPC Endpoints execution-apis#56
Repository / discord renaming from eth1/eth2 to execution/consensus, link
Stateless Ethereum: Verkle Trie Gas Costs for Code Chunks #377",,TRUE,"EIP-3675,EIP-2681,EIP-1352,EIP-3607"
Meeting 119,8/6/2021,https://github.com/ethereum/pm/issues/365,"London Updates
Post London EIP-1559 Assessment (Breakout #12) #369
Other Discussion Items",,TRUE,EIP-1559
Meeting 118,7/23/2021,https://github.com/ethereum/pm/issues/354,"London Updates
Ropsten Issue
gasPrice for 1559 transactions. Comments against it:
Require gasPrice field for both legacy and EIP-1559 transactions execution-specs#251 (comment)
Require gasPrice field for both legacy and EIP-1559 transactions execution-specs#251 (comment)
Other Discussion Items
December Network Upgrade  #356
EIP-3675: Upgrade consensus to Proof-of-Stake #361
Proposal to add EIP-3670 to Shanghai #360
Proposal to add EIP 3651 (Warm COINBASE) to Shanghai #357
Announcements
EIP-1559 Coordination Call (Breakout #11) #363
PEEPanEIP on The Merge & Block Gas Limit",,TRUE,"EIP-1559,EIP-1559,EIP-3675,EIP-3670,EIP-3651,EIP-1559"
Meeting 117,7/9/2021,https://github.com/ethereum/pm/issues/342,"London Updates
Goerli & Rinkeby Forks
London timing London Timing #245 (comment)
Mainnet block: 12965000
effectiveGasPrice in pre-London blocks Omit effectiveGasPrice before EIP-1559 execution-specs#221
Mining: need to target 2x the pre-London block size. API calls:
go-ethereum (geth): miner_setGasLimit
OpenEthereum (f.k.a. Parity): parity_setGasCeilTarget
Besu: miner_changeTargetGasLimit
Client releases
Client approaches for txn pool sorting, txn replacement, and other non-consensus changes
Other Discussion Items
Merge Readiness Checklist",,TRUE,EIP-1559
Meeting 116,6/25/2021,https://github.com/ethereum/pm/issues/337,"London Updates
Ropsten Fork
Testnet Stress Tests Testnet Stress Tests #341
London timing / difficulty bomb impact London Timing #245 (comment)
Other Discussion Items
EIP-3074 Alternatives
eth1.0-specs PRs:
Add Transaction Type List execution-specs#220
Pyspec framework execution-specs#219",,TRUE,EIP-3074
Meeting 115,6/11/2021,https://github.com/ethereum/pm/issues/330,"London Updates
Calaveras status & next steps
JSON RPC Specification London JSON RPC Specification #334
Yellowpaper EOA clarification / EIP-3607 EIP: Reject transactions from senders with deployed code EIPs#3607
Testnet Fork Blocks London Timing #245 (comment)
Other Discussion Items
3074 Audit report
ECH Survey",,TRUE,EIP-3607
Meeting 114,5/28/2021,https://github.com/ethereum/pm/issues/321,"London Updates
Malicious bloated 1559 transactions [PoC] cmd/evm: malicious bloated 1559 transactions poc go-ethereum#22963
Baikal status & next steps
Testnet Fork Blocks confirmation London Timing #245 (comment)
Ropsten Stress Test
Other Discussion Items
Gas: DoS protection & decoupling worst/average performance
EIP-3584
Gas API Call EIP-1559 Gas API Call (Breakout #10) #328",,TRUE,"EIP-3584,EIP-1559"
Meeting 113,5/14/2021,https://github.com/ethereum/pm/issues/309,"London Updates
Baikal status & next steps
EIP-3541 Proposal to include EIP-3541 in London #307 (comment)
EIP-3554 (EIP-3238 alternative) Proposal to include EIP-3238 (diff bomb) in London #256 (comment)
JSON RPC Spec Naming (Open PR, Relevant Thread)
Block Numbers London Timing #245 (comment)
Other Discussion Items
(If time permits) Merge/Rayonism updates
1559 UI Call Announcement by @tvanepps",,TRUE,"EIP-3541,EIP-3541,EIP-3554,EIP-3238,EIP-3238"
Meeting 112,4/30/2021,https://github.com/ethereum/pm/issues/302,"London Updates
EIP-3529 Proposal to add EIP-3529 to London #306
EIP-3238 delay Proposal to include EIP-3238 (diff bomb) in London #256 (comment)
EIP-3541 Proposal to include EIP-3541 in London #307
Aleut status & next steps
Infrastructure Readiness Breakout Room Breakout-room discussion #8 (London Infrastructure Readiness) #308
EIP-1559 JSON RPC support (EthMagicians discussion)
Block Numbers London Timing #245 (comment)
Can decide next call and still be good w.r.t. timelines
Other Discussion Items",,TRUE,"EIP-3529,EIP-3529,EIP-3238,EIP-3238,EIP-3541,EIP-3541,EIP-1559"
Meeting 111,4/23/2021,https://github.com/ethereum/pm/issues/301,"London Updates
Aleut status & next steps
Effort vs. Value of proposed EIPs:
EIP-3403 EIP-3403 - Partial Removal of Refunds #277
EIP-3074 Proposal to include EIP-3074 in London #260
EIP-2537 BLS-12381 London Inclusion #269
EIP-2677 Proposal to include EIP 2677 ( Limit size of initcode) in London #271
London Timing London Timing #245 (comment)
Other Discussion Items
EIP-3521
Resetting the CFI status between network upgrades Proposal to have ""Considered for Inclusion"" reset after each upgrade #295
CFI status for the proposed London EIPs.",,TRUE,"EIP-3403,EIP-3403,EIP-3074,EIP-3074,EIP-2537,EIP-2677,EIP-2677,EIP-3521"
Meeting 110,4/16/2021,https://github.com/ethereum/pm/issues/293,"Berlin Updates
OE Issue Review & postmortem next steps
London Updates
Aleut status & next steps
EIP Discussions
EIP-2935 - Save historical block hashes in state #279
Other Discussion Items
Resetting the CFI status between network upgrades Add call 95 and 99 #205
CFI status for the following EIPs:
EIP-3403 EIP-3403 - Partial Removal of Refunds #277
EIP-3198 Proposal to include EIP-3198 in London #270
EIP-3074 Proposal to include EIP-3074 in London #260
EIP-2537 BLS-12381 London Inclusion #269
EIP-2677 Proposal to include EIP 2677 ( Limit size of initcode) in London #271
Expanded Clique Block Choice Rule EIP-3436: Expanded Clique Block Choice Rule #300",,TRUE,"EIP-2935,EIP-3403,EIP-3403,EIP-3198,EIP-3198,EIP-3074,EIP-3074,EIP-2537,EIP-2677,EIP-2677,EIP-3436"
Meeting 109,4/2/2021,https://github.com/ethereum/pm/issues/289,"Berlin Updates
Rinkeby fork updates #248
Mainnet fork April 14th
EthCatHerders Community Call
London Updates
Client implementation updates
Shanghai & The Merge Proposals:
Shanghai delayed with focus on merge #278
""Merge sprint"" from mid-April to mid-May
Shanghai in October (no merge) #267
EIP Discussions
EIP-3403 - Partial Removal of Refunds #277
BASE FEE Opcode #270
EIP-3074 - AUTH and AUTHCALL opcodes #260
EIP-2537 - Precompile for BLS12-381 curve operations #269
EIP-2327 - BEGINDATA #262
EIP-2677 - Limit size of initcode #271
EIP-2935 - Save historical block hashes in state #279
[Aleady in London] EIP-3238 - Difficulty Bomb #256
Need to agree on pushback period
[Announcement] EVM working group For 109 agenda: EVM working group #292",,TRUE,"EIP-3403,EIP-3074,EIP-2537,EIP-2327,EIP-2677,EIP-2935,EIP-3238"
Meeting 108,3/19/2021,https://github.com/ethereum/pm#acd-108-meeting-info,,Error,FALSE,
Meeting 107,3/5/2021,https://github.com/ethereum/pm#acd-107-march-5-2021,,Error,FALSE,
Meeting 106,2/19/2021,https://github.com/ethereum/pm/#acd-106-meeting-info,,Error,FALSE,
Meeting 105,2/5/2021,https://github.com/ethereum/pm/issues/241,"YOLOv3 & Berlin client updates
Goerli & other testnet block proposals
Finalize eth/66 specification
Other EIPs or discussion items
EVM 384 Update
1559 Performance Tests Update
ACD Feedback",,TRUE,
Meeting 104,1/22/2021,https://github.com/ethereum/pm/issues/237,"YOLOv3 & Berlin client updates
Other EIPs or discussion items
Ice Age & Future network upgrades
EIP-2937 Update",,TRUE,EIP-2937
Meeting 103,1/8/2021,https://github.com/ethereum/pm/issues/232,"YOLOv3 & Berlin client updates
Other EIPs or discussion items
EVM-384 Update
EIP-2937
Hudson Stepping Down from ACD role",,TRUE,EIP-2937
Meeting 102,12/11/2020,https://github.com/ethereum/pm/issues/228,"YOLOv3 & Berlin client updates
Outcome of 2718 Breakout Room
Other EIPs or discussion items
EIP-1559 Update",,TRUE,EIP-1559
Meeting 101,11/27/2020,https://github.com/ethereum/pm/issues/224,"YOLOv3 & Berlin client updates
Outcome of EIP-2718, EIP-2972, and EIP-2976 break out discussion (summary)
SSZ/wrapping legacy transactions/etc.
eth/6x support: Option A vs. Option B
Final go/no-go for Berlin EIPs
Other EIPs
EIP-2681: Limit account nonce to 2^64-1",,TRUE,"EIP-2718,EIP-2972,EIP-2976,EIP-2681"
Meeting 100,11/13/2020,https://github.com/ethereum/pm/issues/221,"YOLOv3 & Berlin client updates
YOLOv3 spec
EIP-2718 clarification & interactions with 2930
Final go/no-go for Berlin EIPs
Network upgrade process update
Other EIPs
EIP-2938 (Account Abstraction)
EIP-2666
BLS12-381
Responsible disclosure / Geth bug",,TRUE,"EIP-2718,EIP-2938,EIP-2666"
Meeting 99,10/30/2020,https://github.com/ethereum/pm/issues/219,"YOLOv3 & Berlin discussion
YOLOv3 spec
Discord conversation
EIP-2537 fuzzing update
Other updates / discussion
EIP-2938 (Account Abstraction)
Ropsten issues",,TRUE,"EIP-2537,EIP-2938"
Meeting 97,10/2/2020,https://github.com/ethereum/pm/issues/211,"EIP Discussion
a. EIP-1559: Fee market change for ETH 1.0 chain
b. EIP-2938: Account Abstraction
YOLO / YOLOv2 & Berlin state tests update
a. EIP & Upgrades Updates
b. Testing Green Light Discussion
c. YOLOv2 EIPs: EIP-2565, EIP-2935, EIP-2929, EIP-2718, EIP-2315, EIP-2537
d. @lightclient comment on a few EIPs
Other updates / discussion",,TRUE,"EIP-1559,EIP-2938,EIP-2565,EIP-2935,EIP-2929,EIP-2718,EIP-2315,EIP-2537"
Meeting 96,9/18/2020,https://github.com/ethereum/pm/issues/206,"EIP & Upgrades Updates
a. YOLO / YOLOv2 & Berlin state tests update
b. Breakout room feedback
EIP Discussion
a. EIP-1057 Next Steps.
b. EIP- BLS12-381 curve operations & BLS12-377 curve operations
c. Account Abstraction Update [see this explainer]
d. EIP-2929: Gas cost increases for state access opcodes
e. EVM 384 Update
f. EIP-2315 Simple Subroutines for the EVM
EIP-1559 Update",,TRUE,"EIP-1057,EIP-2929,EIP-2315,EIP-1559"
Meeting 95,9/4/2020,https://github.com/ethereum/pm/issues/203,"EIP Discussion
a. Potentially removing gas refund (see comment).
b. EIP 2718: Typed Transaction Envelope (general-purpose standard for adding new transaction types).
c. EIP-2929: Gas cost increases for state access opcodes.
d. EIP-2930: Optional access lists.
e. EIP-2315: Simple Subroutines for the EVM.
f. General discussion on the idea of combining some of the above EIPs that create a new transaction type, so we just create a single new transaction type that has a whole bunch of the features together.
g. EIP-2935: Save historical block hashes in state.
h. EIP-2711: Sponsored, expiring and batch transactions.
i. EIP-1057 Next Steps.
EIP & Upgrades Updates
a. YOLO / YOLOv2 & Berlin state tests update
b. EIP-1559 Update
c. Account abstraction: AA EIP and AA DoS study (cllick here for comment with links)
ACD Note for YOLOv2 (From: Hudson and James):
We want to focus on what should be included in YOLOv2 rather than what is officially going into Berlin because there are things like benchmarking and further evaluation of CFI (considered for inclusion) EIPs that usually advance an EIP from CFI to Accepted.

We recommend considering the following EIPs for YOLOv2. Note that not all of these EIPs are in CFI, but are to be discussed in ACD Meeting #95.

EIP-2046: Reduced gas cost for static calls made to precompiles.
EIP-2315: Simple Subroutines for the EVM.
EIP-2537: Precompile for BLS12-381 curve operations (already in YOLOv1).
EIP-2711: Sponsored, expiring and batch transactions.
EIP 2718: Typed Transaction Envelope (general-purpose standard for adding new transaction types).
EIP-2565: Repricing of the EIP-198 ModExp precompile.
EIP-2929: Gas cost increases for state access opcodes.
EIP-2930: Optional access lists.
EIP-2935: Save historical block hashes in state.
Next call: September 17th, 2020 14:00 UTC",,TRUE,"EIP-2718,EIP-2929,EIP-2930,EIP-2315,EIP-2935,EIP-2711,EIP-1057,EIP-1559,EIP-2046,EIP-2315,EIP-2537,EIP-2711,EIP-2718,EIP-2565,EIP-198,EIP-2929,EIP-2930,EIP-2935"
meeting 94,8/21/2020,https://github.com/ethereum/pm/issues/200,"Progress on EIP-1057
Ewasm Team: Findings on ""evm384""
EIP Discussion
a. Vitalik's Idea
YOLO / YOLOv2 & Berlin state tests update
Raw benchmarks for EIP 2666
EIPIP Meeting: New EIP Statuses
Ethereum Cat Herders Survey Results
Migration from ACD Gitter to Eth R&D Discord
Review previous decisions made and action items (if notes available)",,TRUE,"EIP-1057,EIP-2666"
Meeting 93,8/7/2020,https://github.com/ethereum/pm/issues/196,"Ethereum Classic chain split (client implications for Ethereum)
YOLO / YOLOv2 & Berlin state tests update
EIP Discussion
a. Further work on EIP2046 and precompiles repricing (EIP2666) + Experiments on having ops like Montgomery multiplication for 384 bit modulus
b. EIP-2780: Reduce intrinsic transaction gas
How transaction selection happens in a client at the moment (do we still need this in the agenda?)
Regenesis
Change software for ACD chat?
Review previous decisions made and action items (if notes available)",,TRUE,"EIP-2046,EIP-2666,EIP-2780"
Meeting 92,7/24/2020,https://github.com/ethereum/pm/issues/195,"Retrospective on call 91
Do you think we need to keep digging into ""Why?""
Do we want to argue more about some of the answers?
Discuss potential solutions based on some of the answers?
EIP Discussion
EIP-2565
-Type Transcation Envelope
How transaction selection happens in a client at the moment
Review previous decisions made and action items (if notes available)",,TRUE,EIP-2565
Meeting 91,7/10/2020,https://github.com/ethereum/pm/issues/192,"EIP Discussions
EIP-1559 Updates
Account Abstraction Updates
EIP-2046 Benchmarks
EIP-2718 Further Thoughts
EIP-2711 Introduction
Network Health
ACD 90 (Ethereum Core Devs Meeting 90 Agenda #189) Conversation Cont'd
Client Implementation Deep Dives
Review previous decisions made and action items (if notes available)",,TRUE,"EIP-1559,EIP-2046,EIP-2718,EIP-2711"
Meeting 90,6/26/2020,https://github.com/ethereum/pm/issues/189,"Features vs. Maintenance
How do we balance features vs. keeping the network healthy, avoid burning out implementers, promote implementation diversity, etc.?
Berlin EIPs - Integration Updates
Yolo Testnet
EIP-2315: Simple Subroutines for the EVM 
EIP-2537: BLS12-381 curve operations
Eligible for Inclusion (EFI) EIP Review
EIP 2718: Typed Transaction Envelope
1559 Implementers' Call Update
Testing updates
EIP-2046 Benchmarks
Review previous decisions made and action items (if notes available)
Next call: July 10, 2020 14:00 UTC",,TRUE,"EIP-2315,EIP-2537,EIP-2718,EIP-2046"
Meeting 89,6/12/2020,https://github.com/ethereum/pm/issues/180,"Berlin EIPs - Integration Updates
EIP-2315: Simple Subroutines for the EVM 
EIP-2537: BLS12-381 curve operations
Call to discuss precompile repricing (EIP-2046: Reduced gas cost for static calls made to precompiles & EIP 2666: Repricing of precompiles and Keccak256 function)
YOLO Testnet Update
Eligible for Inclusion (EFI) EIP Review
EIP-2565: Repricing of the EIP-198 ModExp precompile
Update on Eth 2.0 Deposit Proxy Contract that utilizes EIP-2537
Account Abstraction Research Update
ethereum/PM calendar
Testing updates
Review previous decisions made and action items (if notes available)
Next call: June 26, 2020 14:00 UTC",,TRUE,"EIP-2315,EIP-2537,EIP-2046,EIP-2666,EIP-2565,EIP-198,EIP-2537"
Meeting 88,5/29/2020,https://github.com/ethereum/pm/issues/172,"Berlin EIPs - Integration Updates
EIP-2315: Simple Subroutines for the EVM 
EIP-2537: BLS12-381 curve operations
Eligible for Inclusion (EFI) EIP Review
EIP-2046: Reduced gas cost for static calls made to precompiles
EIP-2565: Repricing of the EIP-198 ModExp precompile?
EIP 2666: Repricing of precompiles and Keccak256 function
EIP 1559 Update
EIP: Limit size of initcode
Berlin Timing
EIPIP Working Group/Survey
Testing updates
Review previous decisions made and action items (if notes available)",,TRUE,"EIP-2315,EIP-2537,EIP-2046,EIP-2565,EIP-198,EIP-2666,EIP-1559"
Meeting 87,5/15/2020,https://github.com/ethereum/pm/issues/169,"Berlin EIPs - Integration Updates
EIP-2315: Simple Subroutines for the EVM 
EIP-2537: BLS12-381 curve operations
Eligible for Inclusion (EFI) EIP Review
EIP-2515: Difficulty Bomb
EIP-2046: Reduced gas cost for static calls made to precompiles
Berlin Timing
EIP-2565: Repricing of the EIP-198 ModExp precompile. Specifically the open-ethereum benchmarking results per this comment.
EIP-2481: Adding request IDs to ETH protocol request and response objects
evm384: an alternative route to precompiles for supporting BLS12-381 on EVM (@axic/Ewasm)
Testing updates
Review previous decisions made and action items (if notes available)",,TRUE,"EIP-2315,EIP-2537,EIP-2515,EIP-2046,EIP-2565,EIP-198,EIP-2481"
Meeting 86,5/1/2020,https://github.com/ethereum/pm/issues/165,"Berlin EIPs - Integration Updates
EIP-2315: Simple Subroutines for the EVM 
EIP-2537: BLS12-381 curve operations
Eligible for Inclusion (EFI) EIP Review
EIP-2515: Difficulty Bomb
EIP-2046: Reduced gas cost for static calls made to precompiles
Berlin Timing
EIP-1057: ProgPoW, a Programmatic Proof-of-Work. See this comment and this comment.
EIP-2565: Repricing of the EIP-198 ModExp precompile. Specifically the open-ethereum benchmarking results per this comment.
PR to change ""hard fork"" to ""network upgrade"" in EIP-1 and common vernacular
State tree format conversion with the tree overlay method
EIP-2315: ‚ÄúSimple Subroutines for the EVM‚Äù analysis
EIP-1559 implementers' call update
EIP-2583: Penalty for account trie misses
Testing updates
Review previous decisions made and action items (if notes available)",,TRUE,"EIP-2315,EIP-2537,EIP-2515,EIP-2046,EIP-1057,EIP-2565,EIP-198,EIP-1,EIP-2315,EIP-1559,EIP-2583"
Meeting 85,4/17/2020,https://github.com/ethereum/pm/issues/164,"Berlin EIPs
EIP-2315: Simple Subroutines for the EVM 
EIP-2537: BLS12-381 curve operations
Eligible for Inclusion (EFI) EIP Review
EIP-2515: Difficulty Bomb
EIP-2456: Time Based Upgrades
EIP-2046: Reduced gas cost for static calls made to precompiles
Berlin Timing
EIP-2565: Repricing of the EIP-198 ModExp precompile
EIP-2602: Disable null hash message verification for ecrecover precompile
EIP-2583: Penalty for account trie misses
Quilt Team's Account Abstraction Announcement
Testing updates
EIPIP Survey
Review previous decisions made and action items (if notes available)",,TRUE,"EIP-2315,EIP-2537,EIP-2515,EIP-2456,EIP-2046,EIP-2565,EIP-198,EIP-2602,EIP-2583"
Meeting 84,4/3/2020,https://github.com/ethereum/pm/issues/162,"Eligibility for Inclusion (EFI) EIP Review
EIP-1962 and its BLS-Signature working group updates (EIP-2537) - Ethereum Core Devs Meeting 81 Agenda #152 (comment)
EIP-2515 - Difficulty Bomb
EIP-2315 Simple Subroutines for the EVM 
EIP-2456 Time Based Upgrades
Berlin Timing
EIP-2583 Penalty for account trie misses
Testing updates
EIPIP Survey
Review previous decisions made and action items (if notes available)",,TRUE,"EIP-1962,EIP-2537,EIP-2515,EIP-2315,EIP-2456,EIP-2583"
Meeting 83,3/20/2020,https://github.com/ethereum/pm/issues/159,"Eligibility for Inclusion (EFI) EIP Review
EIP-2537
EIP-1962 fuzzing: See this comment.
EIP-2542
Other (pre-)EIP Proposals
Transaction postdata (draft at EIP-2242), a new field in transactions that cannot be read by the EVM
Execution over transaction postdata with precompiles (which enables multi-threaded data availability processing)
New precompiles for Merkleization and Merkle branch verification
Calldata gas cost reduction to 1-2 gas per byte
Current transaction hash opcode, which would enable further cost reduction for optimistic rollups
EIP-2046
Berlin EIPs
Discussion on possible uncle rule changes as part of a larger discussion for time based forks
Testing updates
Review previous decisions made and action items (if notes available)
Ethereum developer survey",,TRUE,"EIP-2537,EIP-1962,EIP-2542,EIP-2242,EIP-2046"
Meeting 82,3/6/2020,https://github.com/ethereum/pm/issues/155,"The current plan (which can be changed) is to have 1 hour devoted to the Eth 2.0 BLS signature/EIP-1962 and a second hour devoted to ProgPoW. I am collecting 1-2 people from the pro and anti ProgPoW sides to join and have civil discussion.

The BLS curve discussion is to discuss the following EIPs:

BLS12-381 curve operations EIPs#2537
BLS12-377 curve operations EIPs#2539
Short Weierstrass wrapping curve for BLS12-377 EIPs#2541
The ProgPoW discussion is to discuss, primarily:

Technical updates on ProgPoW.
Community approval/dissent of ProgPoW.
Next steps for ProgPoW.
Pro-ProgPoW Representatives:

Kristy-Leigh Minehan
Michael Carter (a.k.a Bits Be Trippin)
Anti-ProgPoW Representatives:

Martin K√∂ppelmann
Matt Luongo
Representing His Compromise Idea:

Ben DiFrancesco",,TRUE,EIP-1962
Meeting 81,2/21/2020,https://github.com/ethereum/pm/issues/152,"Eligibility for Inclusion (EFI) EIP Review
EIP-2200 Change
EIP-1962 Updates
EIP-2315
EIP-2242
@adlerjohn's other topics
EIP-1057: ProgPoW
Next Upgrade Timing
Open RPC
Testing updates
EIPIP Meeting No. 3 Updates
EIP-1 PR #1
EIP-1 PR #2
Adding a section of 'Motivation' to Meta EIP of upgrade
Review previous decisions made and action items (if notes available)
Next call: Mar 6, 2020 14:00 UTC",,TRUE,"EIP-2200,EIP-1962,EIP-2315,EIP-2242,EIP-1057,EIP-1,EIP-1"
Meeting 80,2/7/2020,https://github.com/ethereum/pm/issues/150,"Eligibility for Inclusion (EFI) EIP Review
EIP-1930
EIP-2135
EIP-1962
EIP 2315
EIP-2046
Next Upgrade Timing (based on EFI list)
Testing updates
EIPIP Meeting fix typo: ruby implementation is named ruby-ethereum #2 Updates
EIP-1 PR
Open RPC
Review previous decisions made and action items
Call 79
Next call: Feb 21, 2020 14:00 UTC",,TRUE,"EIP-1930,EIP-2135,EIP-1962,EIP-2315,EIP-2046,EIP-1"
Meeting 79,1/24/2020,https://github.com/ethereum/pm/issues/148,"Eligibility for Inclusion (EFI) EIP Review
UNGAS
EIP-2464 (eth/65)
EIP-2348 (Validated EVM contracts)
EIP-2456 (Time Based Upgrade Transitions)
EIP-1962 (EC arithmetic and pairings with runtime definitions)
EIP-1559 (Fee market change for ETH 1.0 chain)
Testing updates
EIPIP (EIP Improvement Proposal) Meeting AllCoreDevs Meeting 8 Agenda #1
@karalabe's RPC spec issue
Review previous decisions made and action items
Call 78
Next call",,TRUE,"EIP-2464,EIP-2348,EIP-2456,EIP-1962,EIP-1559"
Meeting 77,12/13/2019,https://github.com/ethereum/pm/issues/142,"Istanbul updates, if any
Muir Glacier Updates
Testing updates
Eligibility for Inclusion (EFI) EIP Review
EIP-1559
EIP-1962
EIP-1057
EIPIP (EIP Improvement Proposal) Meeting
Review previous decisions made and action items
Call 76
Next call",,TRUE,"EIP-1559,EIP-1962,EIP-1057"
Meeting 78,12/5/2019,https://github.com/ethereum/pm/issues/147,"Muir Glacier Updates
Testing updates
Eligibility for Inclusion (EFI) EIP Review
EIP-2456
EIP-1962
EIP-2348
EIPIP (EIP Improvement Proposal) Meeting
Review previous decisions made and action items
Call 77
Next call",,TRUE,"EIP-2456,EIP-1962,EIP-2348"
Meeting 76,11/29/2019,https://github.com/ethereum/pm/issues/140,"Istanbul HF Community Call Next Wednesday :)
Ice Age Hard Fork
Testing updates
Eligibility for Inclusion (EFI) EIP Review
EIPIP (EIP Improvement Proposal) Meeting
Review previous decisions made and action items
Call 75",,TRUE,
Meeting 75,11/15/2019,https://github.com/ethereum/pm/issues/138,"Istanbul Adoption and Call for Assistance
Berlin updates
Harmony/ethereumJ
Testing updates
Eligibility for Inclusion (EFI) EIP Review
EIP 2348: Validated EVM Contracts
EIP 1803: Rename opcodes for clarity
EIPIP (EIP Improvement Proposal) Meeting
Review previous decisions made and action items
Call 74
Client Updates (only if they are posted in the comments below)
a) Geth
b) Parity Ethereum
c) Aleth/eth
d) Trinity/PyEVM
e) EthereumJS
f) EthereumJ/Harmony
g) Besu
h) Turbo Geth
i) Nimbus
m) Nethermind
Research Updates (only if they are posted in the comments below)",,TRUE,"EIP-2348,EIP-1803"
Meeting 74,11/1/2019,https://github.com/ethereum/pm/blob/master/AllCoreDevs-EL-Meetings/Meeting%2074.md,,,FALSE,"EIP-663,EIP-1380,EIP-1702,EIP-1962,EIP-1985,EIP-2045,EIP-2046,EIP-1057,EIP-1559"
Meeting 73,10/25/2019,https://github.com/ethereum/pm/issues/133,"Istanbul
Testnet Status Updates
Mainnet Block
EIP-2124
Berlin
Process & scheduling discussions
Ice Age
Tentatively Accepted EIPs
Testing updates
Review previous decisions made and action items
Call 72
Client Updates (only if they are posted in the comments below)
a) Geth
b) Parity Ethereum
c) Aleth/eth
d) Trinity/PyEVM
e) EthereumJS
f) EthereumJ/Harmony
g) Besu
h) Turbo Geth
i) Nimbus
m) Nethermind
Research Updates (only if they are posted in the comments below)",,TRUE,EIP-2124
Meeting 72,10/4/2019,https://github.com/ethereum/pm/issues/129,"Ropsten Istanbul fork re-cap
Reminder: ""Ethereum Roadmap 2020: A Community Discussion"" @ Devcon5
Ice Age
Testing updates
Review previous decisions made and action items
Call 71
Client Updates (only if they are posted in the comments below)
a) Geth
b) Parity Ethereum
c) Aleth/eth
d) Trinity/PyEVM
e) EthereumJS
f) EthereumJ/Harmony
g) Besu
h) Turbo Geth
i) Nimbus
m) Nethermind
EWASM & Research Updates (only if they are posted in the comments below)",,FALSE,
Meeting 71,9/20/2019,https://github.com/ethereum/pm/issues/125,"Istanbul related client updates
Block number for Istanbul testnet
blake2b and Net-metered SSTORE EIP Update
""Ethereum Roadmap 2020: A Community Discussion"" @ Devcon5
Both ProgPoW Audits Released
Review previous decisions made and action items
Call 70
Client Updates (only if they are posted in the comments below)
a) Geth
b) Parity Ethereum
c) Aleth/eth
d) Trinity/PyEVM
e) EthereumJS
f) EthereumJ/Harmony
g) Besu
h) Turbo Geth
i) Nimbus
m) Nethermind
EWASM & Research Updates (only if they are posted in the comments below)",,TRUE,
Meeting 70,9/6/2019,https://github.com/ethereum/pm/issues/123,"Istanbul related client updates.
""Patch proposals"" for Istanbul
Decide block number for Istanbul testnet/mainnet
Least Authority ProgPoW Initial Audit Report (LA team in attendance)
Review previous decisions made and action items
Call 69
Client Updates (only if they are posted in the comments below)
a) Geth
b) Parity Ethereum
c) Aleth/eth
d) Trinity/PyEVM
e) EthereumJS
f) EthereumJ/Harmony
g) Pantheon
h) Turbo Geth
i) Nimbus
j) web3j
k) Mana/Exthereum
l) Mantis
m) Nethermind
EWASM & Research Updates (only if they are posted in the comments below)",,FALSE,
Meeting 69,8/23/2019,https://github.com/ethereum/pm/issues/121,"Istanbul related client updates.
EIP-1380 Benchmarking
Decide block number for Istanbul testnet fork?
Conformance testing
Review previous decisions made and action items
Call 68
Client Updates (only if they are posted in the comments below)
a) Geth
b) Parity Ethereum
c) Aleth/eth
d) Trinity/PyEVM
e) EthereumJS
f) EthereumJ/Harmony
g) Pantheon
h) Turbo Geth
i) Nimbus
j) web3j
k) Mana/Exthereum
l) Mantis
m) Nethermind
EWASM & Research Updates (only if they are posted in the comments below)",,TRUE,EIP-1380
Meeting 68,8/15/2019,https://github.com/ethereum/pm/issues/119,"Istanbul EIPs
Client implementation updates for Accepted and Tentatively Accepted
Moving Istanbul EIPs from Tentative to Final
Benchmarks for gas repricing EIPs
Conformance Testing
Testnet Upgrade & Istanbul Next Steps
Block for September 4th Testnet Fork
Splitting Istanbul into two forks
Hard fork naming
Review previous decisions made and action items
Call 67
Working Group Updates
Testing Updates
Client Updates (only if they are posted in the comments below)
a) Geth
b) Parity Ethereum
c) Aleth/eth
d) Trinity/PyEVM
e) EthereumJS
f) EthereumJ/Harmony
g) Pantheon
h) Turbo Geth
i) Nimbus
j) web3j
k) Mana/Exthereum
l) Mantis
m) Nethermind
EWASM & Research Updates (only if they are posted in the comments below)",,TRUE,
Meeting 67,8/2/2019,https://github.com/ethereum/pm/issues/116,"Istanbul EIPs
Client implementation updates for Accepted and Tentatively Accepted
Last call for ""Tentatively Accepted"" EIPs
Conformance Testing
Testnet Upgrade & Istanbul Next Steps
Review previous decisions made and action items
Call 66
Call 65
Working Group Updates
Testing Updates
Client Updates (only if they are posted in the comments below)
a) Geth
b) Parity Ethereum
c) Aleth/eth
d) Trinity/PyEVM
e) EthereumJS
f) EthereumJ/Harmony
g) Pantheon
h) Turbo Geth
i) Nimbus
j) web3j
k) Mana/Exthereum
l) Mantis
m) Nethermind
EWASM & Research Updates (only if they are posted in the comments below)",,TRUE,
Meeting 66,7/26/2019,https://github.com/ethereum/pm/issues/113,"Istanbul EIPs go/no-go
EIP 1344
EIP 1283/1706/2200
EIP 1057
EIP 1962
Other EIPs to consider for Istanbul
EIP Refactoring
Given EIP-1702: Which of the Istanbul EIPs live only in version 1 code? Which live in version 0 and version 1 code?
Proactive refactoring of the client implementations to make EIPs more simple, and reduce their conflicts.
Conformance Testing
Testnet Upgrade Block Number
Review previous decisions made and action items
Call 64
Call 65
Next Network Upgrade
Working Group Updates
Testing Updates
Client Updates (only if they are posted in the comments below)
a) Geth
b) Parity Ethereum
c) Aleth/eth
d) Trinity/PyEVM
e) EthereumJS
f) EthereumJ/Harmony
g) Pantheon
h) Turbo Geth
i) Nimbus
j) web3j
k) Mana/Exthereum
l) Mantis
m) Nethermind
EWASM & Research Updates (only if they are posted in the comments below)",,TRUE,"EIP-1344,EIP-1283,EIP-1057,EIP-1962,EIP-1702"
Meeting 65,7/18/2019,https://github.com/ethereum/pm/issues/111,"Istanbul EIPs Chopping Block
EIP-615
EIP-1344 vs. EIP-1965
Can we make a decision on EIP-1344 independently of EIP-1965?
EIP-1283
There was an AMA with no further questions about the EIP.
EIP-1962
EIP-2028
EIP-2024
Other EIPs under consideration
State Rent EIPs
ProgPow
Others
Everything else gets pushed from Istanbul?
Update EIP-1679: Istanbul Meta
EIP Refactoring
Given EIP-1702: Which of the Istanbul EIPs live only in version 1 code? Which live in version 0 and version 1 code?
Proactive refactoring of the client implementations to make EIPs more simple, and reduce their conflicts.
Conformance Testing
Review previous decisions made and action items
Adding ""Security Considerations"" to EIP-1
Working Group Updates
Testing Updates
Client Updates (only if they are posted in the comments below)
a) Geth
b) Parity Ethereum
c) Aleth/eth
d) Trinity/PyEVM
e) EthereumJS
f) EthereumJ/Harmony
g) Pantheon
h) Turbo Geth
i) Nimbus
j) web3j
k) Mana/Exthereum
l) Mantis
m) Nethermind
EWASM & Research Updates (only if they are posted in the comments below)",,TRUE,"EIP-615,EIP-1344,EIP-1965,EIP-1344,EIP-1965,EIP-1283,EIP-1962,EIP-2028,EIP-2024,EIP-1679,EIP-1702,EIP-1"
Meeting 64,7/5/2019,https://github.com/ethereum/pm/issues/107,"Review previous decisions made and action items
EIPs
a) EIP 2124: Fork identifier for chain compatibility checks
b) EIP 1962 Update
c) EIP 2025
d) EIP 1679: Hardfork Meta: Istanbul
See also the dependency map by James Hancock and the EIP readiness spreadsheet.
Working Group Updates
Testing Updates
Client Updates (only if they are posted in the comments below)
a) Geth
b) Parity Ethereum
c) Aleth/eth
d) Trinity/PyEVM
e) EthereumJS
f) EthereumJ/Harmony
g) Pantheon
h) Turbo Geth
i) Nimbus
j) web3j
k) Mana/Exthereum
l) Mantis
m) Nethermind
EWASM & Research Updates (only if they are posted in the comments below)",,TRUE,"EIP-2124,EIP-1962,EIP-2025,EIP-1679"
Meeting 63,6/21/2019,https://github.com/ethereum/pm/issues/102,"Review previous decisions made and action items
EIPs
a) EIP 1962: EIP 1679: Hardfork Meta: Istanbul
See also the dependency map by James Hancock
b) EIP 1872: Ethereum Network Upgrade Windows
c) EIP 1109: PRECOMPILEDCALL opcode (Remove CALL costs for precompiled contracts)
d) EIP 695 (Felix Thing)
Working Group Updates
Testing Updates
Client Updates (only if they are posted in the comments below)
a) Geth
b) Parity Ethereum
c) Aleth/eth
d) Trinity/PyEVM
e) EthereumJS
f) EthereumJ/Harmony
g) Pantheon
h) Turbo Geth
i) Nimbus
j) web3j
k) Mana/Exthereum
l) Mantis
m) Nethermind
EWASM & Research Updates (only if they are posted in the comments below)",,TRUE,"EIP-1962,EIP-1679,EIP-1872,EIP-1109,EIP-695"
Meeting 62,5/24/2019,https://github.com/ethereum/pm/issues/99,"Review previous decisions made and action items
Roadmap
EIPs
a) Refer to Roadmap link for list
b) EIP-2045: Fractional gas costs, and the EVM benchmarks referenced within (cdetrio)
Working Group Updates
Testing Updates
Client Updates (only if they are posted in the comments below)
a) Geth
b) Parity Ethereum
c) Aleth/eth
d) Trinity/PyEVM
e) EthereumJS
f) EthereumJ/Harmony
g) Pantheon
h) Turbo Geth
i) Nimbus
j) web3j
k) Mana/Exthereum
l) Mantis
m) Nethermind
EWASM & Research Updates (only if they are posted in the comments below)",,TRUE,EIP-2045
Meeting 61,5/10/2019,https://github.com/ethereum/pm/issues/97,"Review previous decisions made and action items
Roadmap
EIPs
a) Refer to Roadmap link for list
b) Please add more EIPs to the agenda
Eth 1.x Blog by Alexey on changing processes
Working Group Updates
Do people want to meet in July? (Boris)
Ganache/spec compliance issue at go-ethereum
EIP-615 (from last meeting)
Testing, testnets, and road to Istanbul
Testing Updates
Client Updates (only if they are posted in the comments below)
a) Geth
b) Parity Ethereum
c) Aleth/eth
d) Trinity/PyEVM
e) EthereumJS
f) EthereumJ/Harmony
g) Pantheon
h) Turbo Geth
i) Nimbus
j) web3j
k) Mana/Exthereum
l) Mantis
m) Nethereum
EWASM & Research Updates (only if they are posted in the comments below)",,TRUE,EIP-615
Meeting 60,4/26/2019,https://github.com/ethereum/pm/issues/95,"Review previous decisions made and action items
Roadmap
Roadmap post Istanbul (@shemmon)
EIPs
a) Refer to Roadmap link for list
b) Please add more EIPs to the agenda
Proposal of a formal process of selection of EIPs for hardforks: GitHub EIP Draft, EthMagicians
Overview of Recent Berlin Meetings (click here for overview)
Working Group Updates
a) State Fees
b) EWasm
c) Pruning/Sync (ETH V64 Call for Proposals & Stopgaps for cleaning up discovery peers pre-Discovery v5)
d) Simulation
e) New ones?
ProgPoW Audit Update
Would the major clients be satisfied with a single cross-platform C/C++ library for precompiles? Or should EIP champions look for native language libraries when implementing prototypes and opening PRs for clients? (@cdetrio)
Testing Updates
Best way to timebox items?
Client Updates (only if they are posted in the comments below)
a) Geth
b) Parity Ethereum
c) Aleth/eth
d) Trinity/PyEVM
e) EthereumJS
f) EthereumJ/Harmony
g) Pantheon
h) Turbo Geth
i) Nimbus
j) web3j
k) Mana/Exthereum
l) Mantis
m) Nethereum
EWASM & Research Updates (only if they are posted in the comments below)",,TRUE,
Meeting 59,4/12/2019,https://github.com/ethereum/pm/issues/93,"Review previous decisions made and action items
Roadmap
EIPs
a) Refer to Roadmap link for list
b) Please add more EIPs to the agenda
Working Group Updates
a) State Fees
b) EWasm
c) Pruning/Sync (ETH V64 Call for Proposals & Stopgaps for cleaning up discovery peers pre-Discovery v5)
d) Simulation
e) Istanbul & ETH1x Roadmap Planning Meeting - April 17th & 18th in Berlin
ProgPoW Audit Update
Testing Updates
Client Updates (only if they are posted in the comments below)
a) Geth
b) Parity Ethereum
c) Aleth/eth
d) Trinity/PyEVM
e) EthereumJS
f) EthereumJ/Harmony
g) Pantheon
h) Turbo Geth
i) Nimbus
j) web3j
k) Mana/Exthereum
l) Mantis
m) Nethereum
EWASM & Research Updates (only if they are posted in the comments below)",,TRUE,
Meeting 58,3/29/2019,https://github.com/ethereum/pm/issues/89,"Roadmap
EIPs
a) EIP 1599 - Fee Market Change for Eth 1.0 Chain
b) EIP - Ethereum Network Upgrade Windows
c) EIP - Opcode repricing for trie-size-dependent opcodes
Working Group Updates
a) State Fees
b) EWasm
c) Pruning/Sync (ETH V64 Call for Proposals & Stopgaps for cleaning up discovery peers pre-Discovery v5)
d) Simulation
e) Istanbul & ETH1x Roadmap Planning Meeting - April 17th & 18th in Berlin
ProgPoW Audit Update & Carbonvote Being Taken Down
Testing Updates
Client Updates
a) Geth
b) Parity Ethereum
c) Aleth/eth
d) Trinity/PyEVM
e) EthereumJS
f) EthereumJ/Harmony
g) Pantheon
h) Turbo Geth
i) Nimbus
j) web3j
k) Mana/Exthereum
l) Mantis
m) Nethereum
EWASM & Research Updates",,TRUE,EIP-1599
Meeting 57,3/15/2019,https://github.com/ethereum/pm/issues/83,"Roadmap
a) Istanbul Hardfork Roadmap
b) Release manager
c) ProgPoW Update
EIPs
a) EIP 778: Ethereum Node Records (ENR) [Felix's Comment]
Working Group Updates
a) State Fees
b) EWasm
c) Pruning/Sync (ETH V64 Call for Proposals & Stopgaps for cleaning up discovery peers pre-Discovery v5)
d) Simulation
e) Istanbul & ETH1x Roadmap Planning Meeting - April 17th & 18th in Berlin
Testing Updates
Client Updates
a) Geth
b) Parity Ethereum
c) Aleth/eth
d) Trinity/PyEVM
e) EthereumJS
f) EthereumJ/Harmony
g) Pantheon
h) Turbo Geth
i) Nimbus
j) web3j
k) Mana/Exthereum
l) Mantis
m) Nethereum
EWASM & Research Updates",,TRUE,EIP-778
Meeting 56,3/1/2019,https://github.com/ethereum/pm/issues/82,"Roadmap
a) Constantinople Success!
b) ProgPoW Audit
c) Istanbul Hardfork Roadmap
Subroutines and Static Jumps for the EVM - Magician's Thread
Reject EIP-1355
Working Group Updates
a) State Fees
b) EWasm
c) Pruning/Sync
d) Simulation
e) Appetite for future in person meetings?
Testing Updates (time allowing)
Client Updates (time allowing)
a) Geth
b) Parity Ethereum
c) Aleth/eth
d) Trinity/PyEVM
e) EthereumJS
f) EthereumJ/Harmony
g) Pantheon
h) Turbo Geth
i) Nimbus
j) Mana/Exthereum
k) Mantis
l) Nethereum
Research Updates (time allowing)",,TRUE,EIP-1355
Meeting 55,2/15/2019,https://github.com/ethereum/pm/issues/77,"Roadmap
a) Constantinople: Ropsten fork / status
b) CREATE2 side effects for education
c) ProgPoW Audit
d) Reject EIP 1355 ""Ethash 1a""
e) Istanbul Hardfork Roadmap
x Proposal Deadline May 17th
x EIP 1418 State Rent
x HF Naming challenge
f) Outlook: PoS finality gadget on PoW chain (Serenity)
Working Group Updates
a) Ethereum 1.x Stanford Meetings Overview
b) State Rent
c) EWasm
d) Pruning/Sync
e) Simulation
f) Appetite for future in person meetings?
Testing Updates (time allowing)
Client Updates (time allowing)
a) Geth
b) Parity Ethereum
c) Aleth/eth
d) Trinity/PyEVM
e) EthereumJS
f) EthereumJ/Harmony
g) Pantheon
h) Turbo Geth
i) Nimbus
j) Mana/Exthereum
k) Mantis
Research Updates (time allowing)",,TRUE,"EIP-1355,EIP-1418"
Meeting 54,2/1/2019,https://github.com/ethereum/pm/issues/73,"Roadmap
a) Constantinople - Ropsten fork?
b) Istanbul Hardfork Roadmap
c) Outlook: PoS finality gadget on PoW chain (Serenity)
d) ProgPoW audit?
Working Group Updates
a) Ethereum 1.x Stanford Meetings Overview
b) State Rent
c) EWasm
d) Pruning/Sync
e) Simulation
Testing Updates (time allowing)
Client Updates (time allowing)
a) Geth
b) Parity Ethereum
c) Aleth/eth
d) Trinity/PyEVM
e) EthereumJS
f) EthereumJ/Harmony
g) Pantheon
h) Turbo Geth
i) Nimbus
j) Mana/Exthereum
Research Updates (time allowing)",,FALSE,
Meeting 52,1/4/2019,https://github.com/ethereum/pm/issues/66,"Quick announcement about note taking and Gitcoin bounty
Testing Updates
Client Updates
Research Updates
Working Group Updates
Constantinople HF
Istanbul HF / Roadmap
schedule for future updates
EEP-5
EIP-223 formal process of hard forks
ProgPoW",,TRUE,EIP-223
Meeting 51,12/7/2018,https://github.com/ethereum/pm/issues/64,"Testing
Client Updates
Research Updates
Working Group Updates
Constantinople HF
Openness of meetings
Date for next meeting?",,FALSE,
Eth1x Sync 1,11/30/2018,https://github.com/ethereum/pm/issues/65,"Transparency, note taking, Chatham House rules
Recap of Nov. 2 discussion
Simulation working group proposal
State rent working group proposal
Ewasm working group proposal
Chain pruning proposal
January workshop update (Joseph Chow)
Continuation of transparency discussion (if necessary)",,FALSE,
Meeting 50,11/23/2018,https://github.com/ethereum/pm/issues/62,"Document being mentioned on Coindesk. Testing Client Updates Research Updates Constantinople/Ropsten HF, hardfork timing ProgPoW Update",,FALSE,
Meeting 49,11/9/2018,https://github.com/ethereum/pm/issues/60,"Testing
Client Updates
Research Updates
Constantinople/Ropsten HF
hardfork timing 1, 2
difficulty bomb
ProgPoW update
Ethereum stratum/mining pool support
updating the eth_getWork RPC API with a 4th return value for the block number (@karalabe)
EthereumStratum 2.0.0 draft (@chfast)
G√∂rli PoA-testnet progress (@5chdn)",,FALSE,
Constantinople Meeting 2,10/19/2018,https://github.com/ethereum/pm/issues/61,"Ropsten issues.
When fork?",,FALSE,
Meeting 48,10/12/2018,https://github.com/ethereum/pm/issues/59,"Testing
Client Updates
Research Updates
Constantinople/Ropsten HF
ProgPoW",,FALSE,
Meeting 47,9/28/2018,https://github.com/ethereum/pm/issues/58,"Testing
Client Updates
Research Updates
Constantinople
EIP 1108: Reduce alt_bn128 precompile gas costs
ProgPoW",,TRUE,EIP-1108
Meeting 46,9/14/2018,https://github.com/ethereum/pm/issues/56,"Testing
Client Updates
Research Updates
Constantinople
a. Client progress.
b. Ropsten block number.
c. Can we do it before Devcon?
Time-allowing:

EIP-1380: Reduced gas cost for call to self
EIP-1108: Reduce alt_bn128 precompile gas costs
EIP-1057 (ProgPoW) and EIP-1355 (Ethash1a)",,TRUE,"EIP-1380,EIP-1108,EIP-1057,EIP-1355"
Meeting 45,8/24/2018,https://github.com/ethereum/pm/issues/54,"Testing
Client Updates
Research Updates
Constantinople
a. EIP 1014 Issues
b. EIP 1218: Simpler blockhash refactoring. Looks like we are dropping this one unless someone speaks up, like, immediately.
c. EIP 1283: 1283 is moving forward per discussions on the previous call and the core devs chat room.
Three competing EIPs to delay the difficulty bomb and reduce/maintain the block reward:
a. EIP-858 - Delay bomb and reduce block reward to 1 ETH per block.
b. EIP-1234 - Delay bomb and reduce block reward to 2 ETH.
c. EIP-1295 - Delay bomb, keep rewards to 3 ETH, change other factors such as POW incentive structure.
There is renewed interest from miners to implement ProgPoW.
Different articles/links regarding potential issuance reduction conversation:

A Case for Ethereum Block Reward Reduction to 2 ETH in Constantinople (EIP-1234)
Reddit discussion of the above article
Coinvote (79 participants): What should be done regarding proof-of-work issuance until Casper is ready?
FEM Forum: EIP-1234 vs EIP-1227: Constantinople Difficulty Bomb & Block reward
Bitfly Twitter Post on Miner Opinion
FEM Forum: Final Request From the GPU Mining Community
EIP 1295 Presentation
Ethereum‚Äôs Economic Breakpoint: An Analysis",,TRUE,"EIP-1014,EIP-1218,EIP-1283,EIP-858,EIP-1234,EIP-1295,EIP-1234,EIP-1234,EIP-1227,EIP-1295"
Meeting 44,8/10/2018,https://github.com/ethereum/pm/issues/52,"Testing
Client Updates
Research Updates
Three competing EIPs to delay the difficulty bomb and/or reduce the block reward:
a. EIP-858 - Reduce block reward to 1 ETH per block.
b. EIP-1227 - Delay bomb and change rewards to 5 ETH.
c. EIP-1234 - Delay bomb and change rewards to 2 ETH.
Constantinople
a. EIP 1014 Issues
b. EIP 1218: Simpler blockhash refactoring. We are looking for a reason to implement this or anyone who will champion this. Otherwise we will drop it.
c. EIP 1283/EIP 1087: Net gas metering for SSTORE operations: 1283 is an alternative to 1087 created due to issues Parity was having implementing 1087. Read 1283's motivation seciton of the EIP.
d. EIP-1109: Remove call costs for precompiled contracts.
Fellowship of Ethereum Magicians Update (didn't get to this on the last call)",,TRUE,"EIP-858,EIP-1227,EIP-1234,EIP-1014,EIP-1218,EIP-1283,EIP-1087,EIP-1109"
Meeting 43,7/27/2018,https://github.com/ethereum/pm/issues/51,"Testing
Client Updates
Research Updates
Four competing EIPs to delay the difficulty bomb and/or reduce the block reward:
a. EIP-858 - Reduce block reward to 1 ETH per block.
b. EIP-1227 - Delay bomb and change rewards to 5 ETH.
c. EIP-1234 - Delay bomb and change rewards to 2 ETH.
d. EIP-1240 - Remove the difficulty bomb entirely.
Constantinople hard fork timing and what to include (continuing conversation from last call).
a. EIP 145: Bitwise shifting instructions in EVM: pretty well-formed, but not 100% implemented or tested.
b. EIP 210: Blockhash refactoring.
d. EIP 1052: EXTCODEHASH Opcode.
e. EIP 1087: Net gas metering for SSTORE operations.
f. EIP 1014: Skinny CREATE2.
Potentially lowering the cost of pre-compiles (bnAdd?, bnMul?)
Fellowship of Ethereum Magicians Update",,TRUE,"EIP-858,EIP-1227,EIP-1234,EIP-1240,EIP-145,EIP-210,EIP-1052,EIP-1087,EIP-1014"
Meeting 42,7/13/2018,https://github.com/ethereum/pm/issues/50,"Testing
Client Updates
Research Updates
Post EIP 1011 (Hybrid Casper) Spec Plans
Now that EIP 1011 is deprecated, is there still the interest among client developers to have a joint testnet, a Ropsten-successor if you want to put it like that?
If yes, and I assume most of us are interested in some effort like this, how could it look like if not like the hybrid Casper proposal?
What smaller steps can/should we take in the meantime while waiting for casper+sharding? (can we just call it ""shasper"" now?)
Possibly changing network Id in Constantinopole (or, alternatively, the format of the handshake message to make it backwards-incompatible).](Ethereum Core Devs Meeting 42 Agenda #50 (comment))
Constantinople hard fork timing and what to include (continuing conversation from last call).
a. EIP 145: Bitwise shifting instructions in EVM: pretty well-formed, but not 100% implemented or tested.
b. EIP 210: Blockhash refactoring.
d. EIP 1052: EXTCODEHASH Opcode.
e. EIP 1087: Net gas metering for SSTORE operations.
f. EIP 1014: Skinny CREATE2.
g. Delay ice age?
Proposed Constantinople Timeline
Finalize EIPs that are being implemented: July 13th
Client implementation: July 16th - August 13th
Testing: August 13th - September 10th
Testnet: September 10th - October 1st
Launch: October 8th

This is not final and there will likely be changes. I am soliciting feedback from client devs and testers who will be working on this.",,TRUE,"EIP-1011,EIP-1011,EIP-145,EIP-210,EIP-1052,EIP-1087,EIP-1014"
Meeting 41,6/29/2018,https://github.com/ethereum/pm/issues/46,"Testing
Client Updates
Research Updates
Constantinople hard fork timing and what to include (continuing conversation from last call).
a. EIP 145: Bitwise shifting instructions in EVM: pretty well-formed, but not 100% implemented or tested.
b. EIP 210: Blockhash refactoring.
c. EIP859: account abstraction.
d. EIP 1052: EXTCODEHASH Opcode.
e. EIP 1087: Net gas metering for SSTORE operations.
f. EIP 1014: Skinny CREATE2.
NOTE: Because of the conflict with ECDC we may skip Constantinople talk if there aren't enough devs to contribute to the discussion.",,TRUE,"EIP-145,EIP-210,EIP-859,EIP-1052,EIP-1087,EIP-1014"
Meeting 40,6/15/2018,https://github.com/ethereum/pm/issues/44,"Testing
Client Updates
Research Updates
EIP 1087: Net gas metering for SSTORE operations
Skinny CREATE2.
EIP 210: Blockhash refactoring still needs to be updated
a. clarify that it does not change the current semantics when invoked via BLOCKHASH -- does not deliver older blocks
b. possibly be fixed to be able to return the genesis hash
c. have a nicer abi signature)
Constantinople hard fork timing and what to include (continuing conversation from last call).
a. EIP 145: Bitwise shifting instructions in EVM: pretty well-formed, but not 100% implemented or tested.
b. EIP 210: Blockhash refactoring.
c. EIP859: account abstraction.
d. EIP 1052: EXTCODEHASH Opcode.
e. EIP 1087: Net gas metering for SSTORE operations.
f. EIP 1014: Skinny CREATE2.",,TRUE,"EIP-1087,EIP-210,EIP-145,EIP-210,EIP-859,EIP-1052,EIP-1087,EIP-1014"
Meeting 39,6/1/2018,https://github.com/ethereum/pm/issues/43,"Testing & EIP 1085: Common genesis.json format scheme across all client implementations
Client Updates
Research Updates
EIP 1087: Net gas metering for SSTORE operations
Concerns that using native browser VMs for running eWasm is not DoS hardened. See this comment and this comment.
Constantinople hard fork timing and what to include (continuing conversation from last call).
Testnet rent. See this comment.",,TRUE,"EIP-1085,EIP-1087"
Meeting 38,5/18/2018,https://github.com/ethereum/pm/issues/38,,Error,FALSE,
Meeting 37,4/20/2018,https://github.com/ethereum/pm/issues/37,"Testing including: string test_addTransaction(string _jsonTransaction) (continuing conversation from last call)
EIP 908: Reward for clients and full nodes validating transactions + @MicahZoltu proposal (time did not permit on last call)
Ben Edgington's proposal that all EIPs ought to contain a PR against the yellow paper before being merged or accepted (continuing conversation from last call)
EIP 960: Cap total ether supply at ~120 million (continuing conversation from last call)
EIP 969: Modifications to ethash to invalidate existing dedicated hardware implementations (continuing conversation from last call)
EIP 999: Restore Contract Code at 0x863DF6BFa4469f3ead0bE8f9F2AAE51c91A907b4
Research Updates
Constantinople hard fork timing and what to include (continuing conversation from last call) - Afri: meta-EIP for Constantinople? Hivetests already has tests enabled, Parity failing, cf. Constantinople Release openethereum/parity-ethereum#8427.
Client updates
Timing of next call (EdCon)",,TRUE,"EIP-908,EIP-960,EIP-969,EIP-999"
Meeting 36,4/6/2018,https://github.com/ethereum/pm/issues/36,"Testing
EIP 712: Add eth_signTypedData as a standard for machine-verifiable and human-readable typed data signing with Ethereum keys.
EIP 665: Add precompiled contract for Ed25519 signature verification.
EIP 958: Modify block mining to be ASIC resistant.
EIP 960: Cap total ether supply at ~120 million.
EIP process updates.
Research Updates.
Metropolis.
Client updates.
Time permitting:
10. EIP 908: Reward for clients and full nodes validating transactions.",,TRUE,"EIP-712,EIP-665,EIP-958,EIP-960,EIP-908"
Meeting 35,3/23/2018,https://github.com/ethereum/pm/issues/33,"Testing
EIP 712 Discussion
EIP process updates.
Metropolis.
Client/research updates.",,TRUE,EIP-712
Meeting 34,2/23/2018,https://github.com/ethereum/pm/issues/32,"EIP decision process/general update
Constantinople.
a. EIP 145: Bitwise shifting instructions in EVM
b. EIP 210: Blockhash refactoring
c. EIP 168 & 169: Killing dust accounts.
d. EIP 859: Account abstraction for the main chain [Updated]
e. Do we want a limited version of New transaction formats EIPs#232 in the next hard fork?
f. Timing.
test rpc protocol discussion: testeth via RPC requirements retesteth#5
Talk about when we should start considering to implement a POC/MVP of Easy parallelizability EIPs#648 (easy parallelizability)
EIP96 (BLOCKHASH): no response from authors.
Client/research updates.
EthCC is in 2 weeks. Do we want to skip or reschedule meeting?",,TRUE,"EIP-145,EIP-210,EIP-168,EIP-859,EIP-96"
Meeting 53,1/18/2018,https://github.com/ethereum/pm/blob/master/AllCoreDevs-EL-Meetings/Meeting%2053.md,"Ethereum Core Devs Meeting 53 Agenda
Meeting Date/Time: Friday 18 January 2019 at 14:00 UTC
Meeting Duration 1.5 hours
YouTube Live Stream Link
Livepeer Stream Link
Agenda
Constantinople postponement
difficulty bomb update
how to mitigate the SSTORE net gas metering security issue
how and when to redo the hard fork
post-mortem: how did this happen? how do we prevent it from happening again?
Roadmap
a) Constantinople - what next?
b) ProgPoW Hardfork Decision
c) Istanbul Hardfork Roadmap
d) Outlook: PoS finality gadget on PoW chain (Serenity)
Testing Updates (time allowing)
Client Updates (time allowing)
a) Geth
b) Parity Ethereum
c) Aleth/eth
d) Trinity/PyEVM
e) EthereumJS
f) EthereumJ/Harmony
g) Pantheon
h) Turbo Geth
i) Nimbus
j) Mana/Exthereum
Research Updates (time allowing)
Working Group Updates (time allowing)
a) State Rent
b) EWasm
c) Pruning/Sync
d) Simulation",,FALSE,EIP-1283
Meeting 31,1/12/2018,https://github.com/ethereum/pm/issues/29,"Testing updates.
Yellow paper update.
EWASM update + update on the following related EIPs.
a. EVM 2.0 - EVM 2/wasm 105 EIPs#48
b. Extend DUP1-16 / SWAP1-16 With DUPN / SWAPN - Extend DUP1-16 / SWAP1-16 With DUPN / SWAPN EIPs#174
c. Subroutines and Static Jumps for the EVM - EIP-615: Subroutines and Static Jumps for the EVM EIPs#615
Stateless client development.
Add ECADD and ECMUL precompiles for secp256k1 - Add ECADD and ECMUL precompiles for secp256k1 EIPs#603 [See this blog post for context].
Introduce miner heuristic ""Child pays for parent"" (like in BTC) to combat the weird cases when transactions with 1000 Gwei stuck in the mempool (because they are dependent via nonce on transaction paying much less and not getting mined).
Creating a relay network of nodes to mitigate issues described here and other transaction propagation issues.
Fork release management/Constantinople.
Client updates.
Client improvements to alleviate issues.",,TRUE,EIP-615
Meeting 30,12/15/2017,https://github.com/ethereum/pm/issues/28,"Testing Updates.
Digital cats caused network congestion this month. Meow.
a. Why did this happen and what solutions are available to prevent future network congestion? See comments below for some ideas.
b. Stateless Clients proposal.
c. Would having minimum system requirements to set up an optimal client/full node help?
d. Is the bottleneck is not just disk bandwidth, but specifically sequential disk bandwidth?
e. Vitalik has some ideas around gas cost changes and scalability-relevant client optimizations.
Plans on Quantum-resistant cryptography and any plans to include it in the next update?
Introduction to K-EVM team (Everett H.)
Does it remain the case that the Yellow Paper is intended to be Ethereum's formal specification?
Time permitting:
6. Parity stuck ether proposals.
7. POA Testnet unification [Update]
8. Core team updates.",,FALSE,
Meeting 29,12/1/2017,https://github.com/ethereum/pm/issues/27,"Testing Updates
a. Fuzzer updates.
b. New transaction tests folder structure.
Shall we require CC0 notices in EIPs?
New Project: JSON RPC Proxy / eth-agent
a. Discussion: Project idea: HTTP Proxy for JSON-RPC aleth#4563
b. Proof of Concept: https://github.com/chfast/json-rpc-proxy/releases/tag/v0.1.0a1
Does it remain the case that the Yellow Paper is intended to be Ethereum's formal specification?
POA Testnet unification [Update]
Core team updates.",,TRUE,
Meeting 28,11/17/2017,https://github.com/ethereum/pm/blob/master/AllCoreDevs-EL-Meetings/Meeting%2028.md,,,,
Meeting 25,9/22/2017,https://github.com/ethereum/pm/issues/23,"Metropolis updates/EIPs.
a. Any ""subtleties"" or questions we need to work out.
- EIP #603: Add ECADD and ECMUL precompiles for secp256k1. See this comment for details and request to add to Constantinople. [Matthew D.]
b. Updates to testing.
1. status/statusCode in receipts (eth rpc) [Arkidiy/Martin H.S]
2. Hive tests update.
3. Testnet launch update.
c. Details and implementations of EIPs.
1. Updates from client teams.
- geth - https://github.com/ethereum/go-ethereum/issues?q=label%3Ametropolis+is%3Aclosed
- Parity - Byzantium release openethereum/parity-ethereum#4833
- cpp-ethereum - [META] Byzantium implementation progress aleth#4050
- ethereumJ - Byzantium release ethereumj#923
- ethereumJS - [META] Byzantium Implementation Progress ethereumjs/ethereumjs-monorepo#209
- yellowpaper - Byzantium changes yellowpaper#229
- pyethapp
- Other clients
d. Review time estimate for testing/release.

EIP 706: Snappy compression for devp2p - very simple change yet reduces sync bandwidth by 60-80%. [Peter]

EIP: 152 - BLAKE2b F Compression Function Precompile [Zooko]

EIP 718: Concurrency and locks for storage

EIP 215: Bitwise shifting

Account abstraction discussion - ""I think we should also slowly bring up account abstraction again. How do the toolset providers think about it? Did we find better solutions in the meantime?""

""Some way to reduce the gas costs for an SSTORE if that slot (or the whole contract) is destroyed at the end of the transaction (""ephemeral storage"").""",,TRUE,"EIP-706,EIP-718,EIP-215"
Meeting 24,9/8/2017,https://github.com/ethereum/pm/issues/22,"Reminder: Metropolis is now split into 2 hard forks: ""Byzantium"" first and then ""Constantinople"".
Metropolis updates/EIPs.
a. Any ""subtleties"" or questions we need to work out.
- EIP96 = PR210 contains three different hex code for the BLOCKHASH contract, but there should be at most two (runtime code and initcode). [Yoichi]
- EIP #603: Add ECADD and ECMUL precompiles for secp256k1. See this comment for details and request to add to Constantinople. [Matthew D.]
b. Updates to testing.
c. Details and implementations of EIPs.
1. Updates from client teams.
- geth - https://github.com/ethereum/go-ethereum/issues?q=label%3Ametropolis+is%3Aclosed
- Parity - Byzantium release openethereum/parity-ethereum#4833
- cpp-ethereum - [META] Byzantium implementation progress aleth#4050
- ethereumJ - Byzantium release ethereumj#923
- ethereumJS
- yellowpaper - Byzantium changes yellowpaper#229
- pyethapp
- Other clients
2. Determining gas prices for new opcodes & pre-compiles [Martin HS/Arkadiy]
d. Review time estimate for testing/release.
EIP 706: Snappy compression for devp2p - very simple change yet reduces sync bandwidth by 60-80%. [Peter]",,TRUE,"EIP-96,EIP-706"
Meeting 23,8/25/2017,https://github.com/ethereum/pm/issues/21,"Metropolis updates/EIPs.
a. Any ""subtleties"" or questions we need to work out.
JSON RPC updates needed by the receipt status change EIP. [Peter]
EIP 649: Metropolis Difficulty Bomb Delay and Issuance Reduction: Community concerns need to be addressed [Hudson]
b. Updates to testing.
c. Details and implementations of EIPs.
Updates from client teams.
geth - https://github.com/ethereum/go-ethereum/issues?q=label%3Ametropolis+is%3Aclosed
Parity - Byzantium release openethereum/parity-ethereum#4833
cpp-ethereum - [META] Byzantium implementation progress aleth#4050
ethereumJ
yellowpaper - Byzantium changes yellowpaper#229
pyethapp
Other clients
Determining gas prices for new opcodes & pre-compiles [Martin HS/Arkadiy]
d. Review time estimate for testing/release.",,TRUE,EIP-649
Meeting 22,8/11/2017,https://github.com/ethereum/pm/issues/20,"Metropolis updates/EIPs.
a. Any ""subtleties"" or questions we need to work out.
EIP 649: Difficulty Bomb Delay and Issuance Reduction overhaul progress [Afri]
Should we defer EIP 96 [Casey]
Is EIP 86: Abstraction of transaction origin and signature the only thing going into Constantinople? [Hudson]
b. Updates to testing.
c. Details and implementations of EIPs.
Updates from client teams.
geth - consensus, core/*: metropolis features go-ethereum#14337
Parity - Byzantium release openethereum/parity-ethereum#4833
cpp-ethereum - [META] Byzantium implementation progress aleth#4050
yellowpaper - Byzantium changes yellowpaper#229
pyethapp
Other clients
Determining gas prices for new opcodes & pre-compiles [Martin HS/Arkadiy]
d. Review time estimate for testing/release.
EIP 215 Bitwise shifting instructions in EVM EIPs#215: Bitwise shifting instructions in EVM to replace EIP 145 [Alex B.]",,TRUE,"EIP-649,EIP-96,EIP-86,EIP-215,EIP-145"
Meeting 21,7/28/2017,https://github.com/ethereum/pm/issues/19,"Metropolis updates/EIPs.
a. Any ""subtleties"" or questions we need to work out.
- EIP 96 (BLOCKHASH) has some unaddressed comments and issues about the BLOCKHASH contract: Create blockhash_refactoring.md EIPs#210 [Pawe≈Ç]
- Decide names for Metro Pt.1 and Pt. 2 (or maybe Pt. 1/2 is good enough)
b. Updates to testing.
c. Details and implementations of EIPs.
1. Updates from client teams.
- geth - consensus, core/*: metropolis features go-ethereum#14337
- Parity - Byzantium release openethereum/parity-ethereum#4833
- cpp-ethereum - [META] Byzantium implementation progress aleth#4050
- yellowpaper - Byzantium changes yellowpaper#229
- pyethapp
- Other clients
2. Determining gas prices for new opcodes & pre-compiles [Martin HS/Everyone]
d. Review time estimate for testing/release.
Make a decision on the ""Hardfork meta EIPs"" (and potentially merge them) [Alex B.]
EIP 663 Unlimited SWAP and DUP instructions EIPs#663: Unlimited SWAP and DUP instructions [Alex B.]
EIP 215 Bitwise shifting instructions in EVM EIPs#215: Bitwise shifting instructions in EVM to replace EIP 145 [Alex B.]",,TRUE,"EIP-96,EIP-663,EIP-215,EIP-145"
Meeting 20,7/14/2017,https://github.com/ethereum/pm/issues/18,"Metropolis updates/EIPs.
a. Any ""subtleties"" or questions we need to work out.
- Split metropolis into 2 forks? Leave out EIP 86/208 in fork AllCoreDevs Meeting 8 Agenda #1.
b. Updates to testing.
c. Details and implementations of EIPs.
1. Updates from client teams.
- geth - consensus, core/*: metropolis features go-ethereum#14337
- Parity - Byzantium release openethereum/parity-ethereum#4833
- cpp-ethereum - [META] Byzantium implementation progress aleth#4050
- yellowpaper - Byzantium changes yellowpaper#229
- pyethapp
- Other clients
2. Determining gas prices for new opcodes & pre-compiles [Martin HS/Everyone]
- Martin H.S can't make it and says: ""I'll try to consolidate the geth-benchmarks for opcodes later on, not much new to report since last time""
d. Review time estimate for testing/release.",,TRUE,EIP-86
Meeting 19,6/30/2017,https://github.com/ethereum/pm/issues/17,"Metropolis updates/EIPs.
a. Any ""subtleties"" or questions we need to work out.
1. EIP 86/208: Abstraction of transaction origin and signature - Contract addresses cannot any more be computed (or rather guaranteed) without a live blockchain, and even then we have no guarantee that a deployed code is ours (or that it remains ours in the face of reorgs). [Peter]
2. EIP 86/208: Abstraction of transaction origin and signature - Discuss the comment here Abstraction of transaction origin and signature.md EIPs#208 (comment) and further refined by Abstraction of transaction origin and signature.md EIPs#208 (comment) [Peter]
3. EIP 86/208: Abstraction of transaction origin and signature: Atomicity over an ECDSA's accounts operations [Jeff Coleman]
4. Metropolis Difficulty Bomb EIP [Everyone]
b. Updates to testing.
- Documentation and other updates
c. Details and implementations of EIPs.
1. Updates from client teams.
- geth - consensus, core/*: metropolis features go-ethereum#14337
- Parity - Byzantium release openethereum/parity-ethereum#4833
- cpp-ethereum - [META] Byzantium implementation progress aleth#4050
- yellowpaper - Byzantium changes yellowpaper#229
- pyethapp
- Other clients
2. Determining gas prices for new opcodes & pre-compiles [Martin HS/Everyone]
d. Review time estimate for testing/release.
Block gas limit increase update [Hudson]
EIP 186: Reduce ETH issuance before proof-of-stake [Vitalik/Avsa/Nick have comments]",,TRUE,"EIP-86,EIP-86,EIP-86,EIP-186"
Meeting 18,6/16/2017,https://github.com/ethereum/pm/issues/16,"Metropolis updates/EIPs.
a. Any ""subtleties"" or questions we need to work out.
1. EIP 206 REVERT Opcode : The ""Specification"" section in the EIP does not specify that REVERT can return data to the caller. Neither does it specify how the caller can access the returned data. [Yoichi]
2. EIP 208 Abstraction of transaction origin and signature: Atomicity over an ECDSA's accounts operations [Jeff Coleman]
3. EIP 208: Abstraction of transaction origin and signature.md EIPs#208 Concerns [Martin H.S]
i. A transaction hash no longer uniquely identifies an execution, since a transaction at least theoretically can be included in multiple blocks, or multiple times in a block.
ii. Do we need to modify rpc-call which assumes hash = unique execution, to return a list of transactions instead of a single element?
iii. What side-effects does the breaking of this invariant have on the clients?
4. EIP 211 RETURNDATACOPY and RETURNDATASIZE: This is complete right? [Hudson]
5. EIP 213 zkSNARK verification primitives: Gas costs for additional and mult. on EC [Christian or someone]
6. EIP 214 STATICCALL: Various potential errors [Vitalik]
b. Updates to testing.
- Documentation and other updates
c. Details and implementations of EIPs.
- Updates from client teams.
- geth - consensus, core/*: metropolis features go-ethereum#14337
- Parity - Byzantium release openethereum/parity-ethereum#4833
- cpp-ethereum - [META] Byzantium implementation progress aleth#4050
- yellowpaper - Byzantium changes yellowpaper#229
- pyethapp
- Other clients
d. Review time estimate for testing/release.",,TRUE,"EIP-206,EIP-208,EIP-208,EIP-211,EIP-213,EIP-214"
Meeting 16,5/19/2017,https://github.com/ethereum/EIPs/pull/610,,,TRUE,"EIP-96,EIP-98,EIP-211"
Meeting 15,5/5/2017,https://github.com/ethereum/pm/blob/master/AllCoreDevs-EL-Meetings/Meeting%2015.md,,,FALSE,"EIP-210,EIP-198,EIP-211,EIP-208,EIP-211"
Meeting 14,4/21/2017,https://github.com/ethereum/pm/blob/master/AllCoreDevs-EL-Meetings/Meeting%2014.md,,,,"EIP-186,EIP-86,EIP-599,EIP-208"
Meeting 13,4/7/2017,https://github.com/ethereum/pm/blob/master/AllCoreDevs-EL-Meetings/Meeting%2013.md,,,FALSE,"EIP-225,EIP-186"
Meeting 12,3/17/2017,https://github.com/ethereum/pm/blob/master/AllCoreDevs-EL-Meetings/Meeting%2012.md,,,FALSE,"EIP-255,EIP-161,EIP-214"
Meeting 11,3/3/2017,https://github.com/ethereum/pm/blob/master/AllCoreDevs-EL-Meetings/Meeting%2011.md,,,,EIP-211
Meeting 10,2/10/2017,https://github.com/ethereum/pm/blob/master/AllCoreDevs-EL-Meetings/Meeting%2010.md,,Error,FALSE,"EIP-196,EIP-197,EIP-86,EIP-96,EIP-100,EIP-198,EIP-206,EIP-207,EIP-116"
Meeting 9,1/25/2017,https://github.com/ethereum/EIPs/issues/8,,,FALSE,"EIP-86,EIP-96,EIP-98,EIP-100,EIP-101,EIP-140,EIP-166,EIP-176,EIP-116,EIP-141,EIP-1"
Meeting 8,10/28/2016,https://github.com/ethereum/EIPs/issues/158,,,FALSE,"EIP-158,EIP-161,EIP-160,EIP-134,EIP-155,EIP-166,EIP-148"
Meeting 17,,,,,,
