,Original_Name,Replace_Name
0,Hadrien Croubois,Artur Troian
1,g11tech,Francisco de Borja Aranda Castillejo
2,donBarbos,Vitalik Buterin
3,Micah Zoltu,Afri Schoeden
4,Matt Galligan,/raw PONG _GHMoaCXLT
5,Dmitriy Fishman,Nye Liu
6,Yoichi Hirai,nobody
7,vub,Raghav Sood
8,Andrew Miller,Peter Davies
9,Afri Schoedon,Raw Pong Ghmoa
10,Leo Arias,JoeG
11,Little Sheep,Ceyhun Onur
12,gary rong,Alexey Shekhirin
13,WTRMQDev,Mario Vega
14,ifdefelse,Changhoon Lee
15,PhyrexTsai,Alexey Akhunov
16,Jacques Dafflon,Kenneth Cochran
17,Lanre Ige,s7v7nislands
18,misrab,Ian Norden
19,bradleat,Charles Cooper
20,Mark Beylin,Mauricio Perdomo
21,Paul Bouchon,Alex Cabrera
22,Antonio Salazar Cardozo,Sina Mahmoodi
23,g. nicholas d'andrea,Gísli Kristjánsson
24,Nitika Goel,failfmi
25,Watson Ladd,Omer Korner
26,cha0sg0d,Nick Paterno
27,Changhoon Lee,Giulio Rebuffo
28,Sebastian C. Bürgel,Reimdal
29,Witek,Havard Anda Estensen
30,Andrew Cooke,Ivan Bogatyy
31,Junseok Lee,Maxim Andreev
32,The Officious BokkyPooBah,Diego Lopez Leon
33,Nate Welch,Jonathan Chappelow
34,achon22,Sheldon
35,Simon Jentzsch,Vijay Michalik
36,marianasoff,William Setzer
37,Ilan,Nate Armstrong
38,Bogdan Gusiev,Hubert Banaszewski
39,Enrique Ortiz,lazaridiscom
40,Patricio Palladino,laughship
41,jeffishjeff,emile
42,Lucas Cullen,John Chase
43,Chaitanya Potti,Runchao Han
44,flanagansteve,Frojdi Dymylja
45,Ivo Georgiev,Sorin Neacsu
46,EOS Classic,sam bacha
47,Lefteris Karapetsas,Dan Sosedoff
48,Ayrat Badykov,Tangui Clairet
49,benk10,Pascal Dierich
50,c-g-e-w-e-k-e-,Katarzyna Turbiarz
51,Nielsen,Noel Maersk
52,James Sangalli,George Tebrean
53,Angel Leon,z89
54,frenchkebab,cui
55,winsvega,Ilan Gitter
56,Hudson Jameson,alvaroahp11
57,triggering-event,delihiros
58,Maxim,George Patterson
59,Shoaib Ahmed,HackyMiner
60,Zhihao Chen,Artem Vorotnikov
61,hjlee9182,Exca-DK
62,Maurelian,alexwang
63,Noah Zinsmeister,Kevin Ingersoll
64,Trustfarm-heart,Gustav Simonsson
65,Frank.R.Wu,Andrea Lanfranchi
66,Erik van Rijn,Ricardo Catalinas Jiménez
67,ethosdev,Joshua Gutow
68,Jochem Brouwer,Jochen Müller
69,Ratan (Rai) Sur,Jared Doro
70,Mister-Meeseeks,dm4
71,Bas Nijholt,Nicholas
72,Andrew Parker,jack meng
73,Suriyaa Sundararuban,Stephen Guo
74,Andrea Lanfranchi,naviechan
75,pldespaigne,henopied
76,Dean Eigenmann,Christoph Jentzsch
77,Ikmyeong Na,Aleksey @soar Smyrnov
78,Cyril Lapinte,Arvid Hast
79,Alex Forshtat,Donn Trenton
80,Dror Tirosh,Mikhail Mikheev
81,yoav-tabookey,knarfeh
82,maurelian,Samuel Marks
83,Agustin Aguilar,Sam Boyer
84,Lev Dubinets,Xas
85,Tom Brand,Lefteris Karapetsas
86,Remco Bloemen,Slava Karpenko
87,alex-forshtat-tbk,Hendrik Hofstadt
88,Bruno Barbieri,dylanhuang
89,Ev,Amir Hossein
90,Tadashi,meows
91,Adam Schmideg,Marcin Sobczak
92,Xinyang,Tomasz Stanczak
93,Gabriel Barros,hexoscott
94,Patrick Gallagher,Kian
95,Mohamed Abdulaziz,Vlad Bokov
96,Lane Rettig,6543
97,AlexandreBelling,hwanjo
98,Sally MacFarlane,Dmitry Shulyak
99,Bryan Stitt,maszrum
100,Yamen Merhi,Stephan Tual
101,Drake Evans,iFA
102,Duncan Westland,holisticode
103,Lee Raj,Kristof Gazso
104,Noel Maersk,GuiltyMorishita
105,Daniel Lehrner,Ross
106,Clément Lesaege,Guilherme Salgado
107,Adrian Ciurdărean,Josh Richardson
108,knarfeh,???
109,Rikard Hjort,libotony
110,Mandar Vaze,Hao Duan
111,Alita Moore,Federico Gimenez
112,Holger Drewes,Eugene Valeyev
113,Talha Cross,Helder Pinto
114,sherbst,Marcin Sobczak
115,Dan Finlay,Emin Mahrt
116,HAOYUatHZ,S. Matthew English
117,robzizo,Evgeny Danilenko
118,pix16,Zahoor Mohamed
119,Radek,???
120,Boris Mann,Hyung-Kyu Hqueue Choi
121,Jean-Philippe Aumasson,Frank Szendzielarz
122,Mamy Ratsimbazafy,?TH??SPH???
123,Carl Beekhuizen,Jonas
124,Kirk Baird,Abd ar-Rahman Hamidi
125,David Hermann Brandt,Alex Willmer
126,Andrew,Michael Montour
127,Antonio Sanso,Lukasz Rozmej
128,Paul Miller,Sylvain Laurent
129,Sam Richards,Armin Braun
130,Eric Winer,root
131,Kohshi Shiba,Giovanni HoSang
132,0xfawkes,Leo Shklovskii
133,louisguthmannStarkWare,Enrique Jose  Avila Asapche
134,Medard Mandane,canepat
135,David Bieber,Furkan KAMACI
136,meowsbits,Fabian Vogelsteller
137,SuryaSJit,sanskarkhare
138,Uri Klarman,James Prestwich
139,Balaji Shetty Pachai,Alexey Akhunov
140,Süleyman Kardaş,tmohay
141,Vie,Yihau Chen
142,Cliff Hall,Fuyang Deng
143,VexyCats,Grant Noble
144,MattLongCT,Bo
145,zaq1tomo,kayla-henrie
146,Herman Junge,Boqin Qin(? ??)
147,chgormanMH,Serhat ?evki Dinçer
148,Daniel Luca,Taeik Lim
149,Sacha Saint-Leger,Hsien-Tang Kao
150,David Brailovsky,pinges
151,Fokion Zervoudakis,Mason Fischer
152,chaals,cong
153,rictorlome,Sparty
154,Chance Hudson,Matt Whitehead
155,query0x,swaraj18
156,hexzorro,norwnd
157,DHRUV,Payne
158,Franco Victorio,sveneh
159,Will42,Taylor Gerring
160,Joe Jordan,Ziyuan Zhong
161,smithereens,Alexandre Van de Sande
162,will@solv.finance,gfx
163,Ori Pomerantz,Sean Anderson
164,Spirin Vladimir,Javier Peletier
165,Jack Peterson,Jorge Arce-Garro
166,Philippe Dumonet,Ernesto del Toro
167,Sören Steiger,þ
168,taek,Lukasz Rozmej
169,GT,Zou Guangxian
170,Armando Andini,Max Revitt
171,Fredrik Svantes,Guillaume Ballet
172,mr.yalamanchi,Philippe Schommers
173,Justin Florentine,Lucas Saldanha
174,pandadefi,Jakub Freebit
175,Joey,Fabio Barone
176,David,Anatole
177,Ahmad Bitar,Destiner
178,Ayman Bouchareb,JKinc
179,Jonny Rhea,Pete
180,Andrew Ashikhmin,Anton Evangelatov
181,Gabi,Ramesh Nair
182,EmojiDao,Dexaran
183,niftynathangang,Miguel Angel Rojo
184,emojidao,Andrey Petrov
185,Fatih,Zsfelfoldi
186,Andres Guarneros,aperseghin
187,rotcivegaf,Caesar Chad
188,Viktor Trón,Nikifor Seryakov
189,P. Misirov,chris-j-h
190,Taehee Yoon,Temirlan
191,Viktor Radchenko,Lightcilent
192,Garcia,steve greensill
193,Nilang-Decentral,Alexander Yastrebov
194,yuzushioh,Felipe Faraggi
195,Daniel Cousens,Fabio Di Fabio
196,Jason Carver,cpusoft
197,Aleš Katona,Artem Tsebrovskiy
198,aspoky,Geff Obscura
199,Bumblefudge,Pierre R
200,yus,lupin012
201,adeelhasan,smartprogrammer93
202,pistomat,Marin Ivanov
203,tserg,hp
204,Dionysis Zindros,JU HYEONG PARK
205,Weiji Guo,ahamlat
206,Alex-Klasma,Christian
207,juanchel,Shude Li
208,5chdn,sonicWhale
209,kevinbogner,Bryan Stitt
210,OmkarK97,Chen Quan
211,Suning Yao,thinkAfCod
212,Artem Chystiakov,JoranHonig
213,Ikko Ashimine,Mio
214,Antoine Toulme,Kiel barry
215,gluk256,qd-ethan
216,corentinDallenogare,chidi onyema
217,Lucas Vogelsang,Dave Appleton
218,Tobias Oberstein,Erichin
219,KBT Admin,Wesley
220,delaaxe,Jeff Prestes
221,adam-alchemy,Havard Anda Estensen
222,Riley,ycyraum
223,Thibault Meunier,vdwijden
224,Cody Burns,chenyufeng
225,Jeffrey Wilcke,Juan Cruz
226,null_radix,yep
227,cf,David Huie
228,William Chargin,Victor Farazdagi
229,BinaryQuasar,chabashilah
230,Sungho Hwang,Damian Orzechowski
231,Justin Silver,Andy
232,Ian Welsh,MrChico
233,Lucas,Tomasz Stanczak
234,Albert,Juuso Haavisto
235,Maciej Górski,xD AKA Rapper King Of cn background diablo & revelations
236,bitspill,Krishna Upadhyaya
237,John Forrest,Felipe Strozberg
238,Jean Cvllr,Martin Klepsch
239,Muhammad Altabba,kilic
240,Tal Ater,Nicholas Johnson
241,Logan Saether,Shunsuke Watanabe
242,DB Hurley,shana
243,Domino Valdano,James Cunningham
244,Mikhail Grechannikov,Tuimf
245,HsiaChiHao,EXEC
246,Kashish Khullar,Egor Egorov
247,Pavel Motyrev,Charing
248,cslarson,nicksavers
249,Carl Larson,natdurlik
250,phiferd,Michael Connor
251,yoshinori fukushima,zaccoding
252,juztin,Nick Savers
253,Dave Sag,Alex Stokes
254,Jay Logelin,Liang Ma
255,Sho IIZUKA,komika
256,David Stanfill,"Li, Cheng"
257,Taha Dhailey,mr_franklin
258,Sudeep Biswas,Leon
259,Jordan Schalm,Marius van der Wijden
260,,Antoine Rondelet
261,,Christoph Jentzsch
262,,Maxim Krasilnikov
263,,Ben Holden-Crowther
264,,Johns Beharry
265,,pinkiebell
266,,Alex Wu
267,,Zoe Nolan
268,,Luca Zeug
269,,Martin Michlmayr
270,,ledgerwatch
271,,Eric Kellstrand
272,,Atkins
273,,Somu Bhargava
274,,Alexander Sadovskyi
275,,Giulio Rebuffo
276,,George Angel
277,,Deepak Sharma
278,,Koosha K
279,,Ömer Faruk Irmak
280,,Ceelog
281,,Vlad
282,,Kitten King
283,,halilylm
284,,awskii
285,,Valentin Wüstholz
286,,Ahyun
287,,pk
288,,ForLina
289,,vim88
290,,1337
291,,Armin Braun
292,,Anton Nashatyrev
293,,Andre Patta
294,,reinerRubin
295,,Roy Langa
296,,Vivek Anand
297,,Dragan Milic
298,,Jeffrey Wilcke
299,,Joel Burget
300,,PegaSys Admin
301,,Andrei Ivasko
302,,J1ang
303,,Aron Fischer
304,,Frenzoid
305,,meehow
306,,Osoro Bironga
307,,Horacio Mijail Anton Quiles
308,,Guifel
309,,Magicking
310,,Mariano Cortesi
311,,Derek Gottfrid
312,,jkcomment
313,,Nikhil Suri
314,,Koichi Shiraishi
315,,Arba Sasmoyo
316,,AleksAvila
317,,Jens W
318,,HAOYUatHZ
319,,Mats Julian Olsen
320,,Yohann Leon
321,,ywzqwwt
322,,Bruno ?kvorc
323,,Nikita Kozhemyakin
324,,bas-vk
325,,Gregory Markou
326,,cooganb
327,,kikilass
328,,Daniel Sloof
329,,Joshua Colvin
330,,oseau
331,,HackyMiner
332,,Nalin Bhardwaj
333,,Mr-Leshiy
334,,Kaushik Donthi
335,,cdetrio
336,,Shihao Xia
337,,Ferran Borreguero
338,,Osuke
339,,3nprob
340,,Eric Robitaille
341,,Tim Mustafin
342,,Alex Prut
343,,dragonvslinux
344,,Franklin
345,,Kristofer Peterson
346,,henridf
347,,Russel Waters
348,,romanman
349,,Julian Koh
350,,Jean-André Santoni
351,,Lazaridis
352,,Boqin Qin
353,,Smilenator
354,,Roberto Saltini
355,,Timo Tijhof
356,,gurrpi
357,,Edward Evans
358,,Nick Ward
359,,SjonHortensius
360,,Sammy Libre
361,,Eli
362,,Enrique Fynn
363,,Afanasii Kurakin
364,,chaals
365,,Willian Mitsuda
366,,Gregory Popovitch
367,,Mike Burr
368,,Harry Dutton
369,,mempirate
370,,Dmitry Savelev
371,,Mikhail Vazhnov
372,,Oskar Haarklou Veileborg
373,,kevin.xu
374,,Davor Kapsa
375,,Aditya Arora
376,,Roberto Bayardo
377,,Pedro Gomes
378,,Henrique Barcelos
379,,Rohit Gupta
380,,Chen Houwu
381,,Daniel DeLima
382,,hrthaowang
383,,Steve Gattuso
384,,Stephen Shelton
385,,Kenso Trabing
386,,Thibauld Favre
387,,Ha DANG
388,,=
389,,Pulyak Viktor
390,,Nick Dodson
391,,slumber1122
392,,icodezjb
393,,Hao Bryan Cheng
394,,Vinod Damle
395,,Connor Stein
396,,xincaosu
397,,Erez Wanderman
398,,Vitaly V
399,,Rob Mulholand
400,,Anusha
401,,Julian Y
402,,Zak Cole
403,,Michael Forney
404,,Rithwik Babu
405,,Fefe
406,,Mohamed Abdulaziz
407,,Sad Pencil
408,,Marius Kjærstad
409,,Eval EXEC
410,,ploui
411,,Ricardo Guilherme Schmidt
412,,Harsh Mishra
413,,Jorge Mederos
414,,John Chase
415,,njupt-moon
416,,Puneetha Karamsetty
417,,Gus
418,,Justin Florentine
419,,Paulo L F Casaretto
420,,Chris Chinchilla
421,,Kawashima
422,,Jonathan Gimeno
423,,Peter Simard
424,,pietjepuk2
425,,RJ
426,,milesvant
427,,nanevardanyan
428,,Yier
429,,glethuillier
430,,Alex Mylonas
431,,Zhenyang Shi
432,,Justin Traglia
433,,Vox
434,,Janko Simonovic
435,,Hellsegga
436,,Domino Valdano
437,,b00ris
438,,mmsqe
439,,Ward Bradt
440,,Swarnim Pratap Singh
441,,Vitalik Buterin
442,,Daniel Celeda
443,,Adrià Cidre
444,,meowsbits
445,,jacobhackman
446,,Richard Hart
447,,Daniel Katzan
448,,Jonathan Otto
449,,Corey Lin
450,,Danno Ferrin
451,,Benjamin Brent
452,,Mark Holt
453,,Lee Hyeon
454,,Ricardo Silva
455,,Ivo Georgiev
456,,Saman H. Pasha
457,,Paul Litvak
458,,Philip Schlump
459,,Enrique Jose  Avila Asapche
460,,Taeguk Kwon
461,,bernard-wagner
462,,Maksim
463,,catcs
464,,Robert Zaremba
465,,Anna Jab?onowska
466,,Saravana Perumal Shanmugam
467,,Jason Frame
468,,setunapo
469,,Ruohui Wang
470,,Gustav Simonsson
471,,Martin Holst Swende
472,,a
473,,Pierre Neter
474,,Sachin Kumar Singh
475,,Paul Harris
476,,lightclient
477,,matkt
478,,e-danko
479,,David Cai
480,,Gabriel-Trintinalia
481,,bgravenorst
482,,mohoff
483,,zelig
484,,tranvictor
485,,Nikola Madjarevic
486,,Prasanna Pendse
487,,thomasmodeneis
488,,Kasper Ziemianek
489,,Park Changwan
490,,obscuren
491,,Mymskmkt
492,,Hadrien Croubois
493,,bgelb
494,,mark.lin
495,,RJ Catalano
496,,Thomas Bocek
497,,Jolly Zhao
498,,Corey Farwell
499,,Ralph Caraveo III
500,,Levi Aul
501,,zeim839
502,,Bogdan Stirbat
503,,Guruprasad Kamath
504,,baptiste-b-pegasys
505,,lzhfromustc
506,,Pantelis Peslis
507,,michael1011
508,,Yusup
509,,Jarrad Hope
510,,needkane
511,,evgk
512,,tia-99
513,,qiuhaohao
514,,Benoit Verkindt
515,,Firescar96
516,,Shintaro Kaneko
517,,Kumar Anirudha
518,,Roman Mazalov
519,,hadv
520,,?ukasz Kurowski
521,,Li Dongwei
522,,Ethan Buchman
523,,Clayton Jacobs
524,,Antonio Salazar Cardozo
525,,a-sklyarov
526,,Pedro Novais
527,,Peter (bitfly)
528,,Mohit Saxena
529,,Or Neeman
530,,aaronbuchwald
531,,Jason Yellick
532,,Steven Roose
533,,Brent
534,,Emmanuel T Odeke
535,,Sebastian Stammler
536,,Nicolas Gotchac
537,,hero5512
538,,Kirill Elagin
539,,Gautam Botrel
540,,Ratan Rai Sur
541,,Zhang Zhuo
542,,Yohann Leon
543,,Alex Sharov
544,,Michael de Hoog
545,,Dmitriy Fishman
546,,Drake Burroughs
547,,SeaMonkey82
548,,rene
549,,Henning Diedrich
550,,Obulapathi N Challa
551,,chuwt
552,,Dean
553,,Ethan Heilman
554,,Yehia Tarek
555,,Christian Muehlhaeuser
556,,Pierre Grimaud
557,,Tobias Hildebrandt
558,,Nicolas Guillaume
559,,Thorsten Hirsch
560,,Michael Ruminer
561,,SaNNNNNNNN
562,,Aditya Kode
563,,Oleg Kovalov
564,,AmitBRD
565,,protolambda
566,,Kasia Turbiarz
567,,David Murdoch
568,,sixdays
569,,rjl493456442
570,,jiang
571,,Sebastian Bathke
572,,Sarlor
573,,baizhenxuan
574,,Kushagra Sharma
575,,rekyyang
576,,John Difool
577,,Mudit Gupta
578,,Zhengyan Gao
579,,Eduard S
580,,Victor Baranov
581,,Kwuaint
582,,Ariel Tempelhof
583,,winsvega
584,,Mathijs de Bruin
585,,detailyang
586,,aaronbuchwald
587,,Andrew Chiw
588,,shiqinfeng1
589,,Joe Clapis
590,,Talha Cross
591,,b1ackd0t
592,,ult-bobonovski
593,,Roman Koblov
594,,Yondon Fu
595,,Vie
596,,chirag-bgh
597,,Karim T
598,,arkpar
599,,Gabriel Camargo Fukushima
600,,Jaynti Kanani
601,,ayeowch
602,,CJ Hare
603,,Alexandr Borodulin
604,,0xe3b0c4
605,,Nimrod Gutman
606,,Abel Nieto
607,,Jorropo
608,,mustafauzunn
609,,calmbeing
610,,Paul
611,,EOS Classic
612,,Simon Jentzsch
613,,Nickolay Savchenko
614,,ag
615,,zhangsoledad
616,,tgyKomgo
617,,LieutenantRoger
618,,jeffersonwarrior
619,,Peter Broadhurst
620,,Jia Chenhui
621,,Edward Mack
622,,Vinicius Stevam
623,,ryanc414
624,,C. Brown
625,,Manoj Kumar
626,,Jason Carver
627,,Sally MacFarlane
628,,Robert Edström
629,,Henry
630,,Uttam Singh
631,,Simon Dudley
632,,6xiaowu9
633,,Maran
634,,Sam CM
635,,MadelineMurray
636,,Nguyen Kien Trung
637,,Davide Savazzi
638,,Felix Lange
639,,Or Rikon
640,,Amirul Ashraf
641,,KAI
642,,fynn.z
643,,magooster
644,,Crispin Flowerday
645,,Alex Beregszaszi
646,,xternet
647,,Jonathan Verhees
648,,Michelangelo Riccobene
649,,Pascal Marco Caversaccio
650,,Bo Ye
651,,JoeGruffins
652,,Giulio Rebuffo
653,,Husam Ibrahim
654,,Chase Wright
655,,Matt Kula
656,,Martin Redmond
657,,Mark Rushakoff
658,,Adrian Sutton
659,,Rafael Matias
660,,William Morriss
661,,Kamil Chodo?a
662,,Kyuntae Ethan Kim
663,,Kobi Gurkan
664,,Thomas Jay Rush
665,,Lautaro Emanuel
666,,kumavis
667,,alexqrid
668,,Cayman Nava
669,,Yao Zengzeng
670,,fomotrader
671,,? Elliot Shepherd
672,,Rob Dawson
673,,Jussi Virtanen
674,,0xMaxMa
675,,Dhruv Bodani
676,,wbt
677,,Janos Guljas
678,,Lorenzo Manacorda
679,,Jim McDonald
680,,shigeyuki azuchi
681,,Maxime Quandalle
682,,Abirdcfly
683,,jacksoom
684,,DoubleWoodH
685,,yahtoo
686,,Freeman Jiang
687,,Airead
688,,Christopher Mckay
689,,CrashOverride
690,,Richard Patel
691,,usmananwar
692,,wuff1996
693,,?????? ????? (Leonid Yuriev)
694,,hydai
695,,soc1c
696,,cui fliter
697,,Andrew Ashikhmin
698,,Ferenc Szabo
699,,Shivam Sandbhor
700,,ethers
701,,Delweng
702,,Ben Kirwin
703,,Edward Evans
704,,Somnath Banerjee
705,,PilkyuJung
706,,Jonny Rhea
707,,Luke Champine
708,,George Hotz
709,,courtier
710,,Miguel Mota
711,,LeoLiao
712,,???
713,,Enrique Ortiz
714,,Ben Adams
715,,Grachev Mikhail
716,,DongXi Huang
717,,Eng Zer Jun
718,,Qian Bin
719,,kkokosa
720,,int88
721,,Paul-Armand Verhaegen
722,,G. Kay Lee
723,,Kurkó Mihály
724,,unknown
725,,Matija Folnovic
726,,Reg
727,,Marc-André Dumas
728,,Tomasz Stanczak
729,,Rajdeep Singh
730,,Felix Yan
731,,Wihan de Beer
732,,williambannas
733,,Justus
734,,Rajaram Gaunker
735,,Stéphane Loeuillet
736,,tzapu
737,,Victor Deleau
738,,Saulius Grigaitis
739,,Tim Myers
740,,salanfe
741,,Iskander (Alex) Sharipov
742,,Bob Glickstein
743,,Stefan Pingel
744,,Bakuchi
745,,Paul
746,,Maximilian Meister
747,,Christopher Mckay
748,,lailiuyuan
749,,Marian OANC?A
750,,willian.eth
751,,Jeremy McNevin
752,,Sasuke1964
753,,xiekeyang
754,,Gabriel Camargo Fukushima
755,,Lawrence Aiello
756,,Bas van Kervel
757,,Lewis Marshall
758,,gregg dourgarian
759,,Nilesh Trivedi
760,,lmittmann
761,,Tomasz Stanczak
762,,Steve Waldman
763,,Elad Nachmias
764,,Defido Coin
765,,Amin Talebi
766,,Piotr Dyraga
767,,tsarpaul
768,,Miguel Tenorio
769,,Gav Wood
770,,joohhnnn
771,,imulmat4
772,,Gary Rong
773,,noel
774,,benma
775,,xq840622
776,,Ratan Rai Sur
777,,VoR0220
778,,Sandra Wang
779,,Trent Mohay
780,,Fynn
781,,dtan3847
782,,Dan Melton
783,,Arash
784,,ferhat elmas
785,,ethersphere
786,,villesundell
787,,uji
788,,nkbai
789,,yong
790,,caktux
791,,Ian Macalinao
792,,Afri Schoeden
793,,storyicon
794,,zah
795,,Isidoro Ghezzi
796,,Tien
797,,Jamie Pitts
798,,Klaudia Jazgar
799,,openex
800,,The-Coomer
801,,zyfrank
802,,Brett Henderson
803,,Matt Kula
804,,Jeffery Robert Walsh
805,,atsushi-ishibashi
806,,Jiri Peinlich
807,,Greg Colvin
808,,Fredrik Svantes
809,,Heiko Heiko
810,,rangzen
811,,garyschulte
812,,Seonggwon Yoon
813,,Richard Littauer
814,,net.wyman
815,,Antoine Toulme
816,,Olivier H
817,,TBC Dev
818,,Alex Sharp
819,,George Carder
820,,MichaelRiabzev-StarkWare
821,,zgfzgf
822,,Kris Shinn
823,,turboboost55
824,,zhiqiangxu
825,,Joseph Goulden
826,,Stein Dekker
827,,necaremus
828,,banteg
829,,Piotr Gankiewicz
830,,Markus Keil
831,,Water
832,,Steven E. Harris
833,,Diego Siqueira
834,,farwayer
835,,Aditya Kode
836,,Chris Pacia
837,,Nic Jansma
838,,Valentin Trinqué
839,,DenrianWeiss
840,,Devon Bear
841,,Evgeny Danilenko
842,,Ikko Ashimine
843,,Balint Gabor
844,,fenghaojiang
845,,Jonathan Brown
846,,Leonardo Yvens
847,,kevin.xu
848,,mbaxter
849,,Tristan-Wilson
850,,lwh
851,,manlio
852,,Seungbae Yu
853,,mace
854,,strykerin
855,,Mihai
856,,Tanishq Jasoria
857,,Arun kumar
858,,Elias Naur
859,,Fox Reymann
860,,Attila Gazso
861,,Jake Haugen
862,,me020523
863,,xinbenlv
864,,ImanSharaf
865,,SilentCicero
866,,Pavol Rusnak
867,,a e r t h
868,,Nikita Mescheryakov
869,,Carl Allendorph
870,,Frank Li
871,,Mike Neuder
872,,Joseph Cook
873,,Usman Saleem
874,,bailantaotao
875,,Steven Gregg
876,,Eugene Lepeico
877,,panicalways
878,,Antony Denyer
879,,Reinhard Schu
880,,Dmitry Savonin
881,,Satpal
882,,Felföldi Zsolt
883,,makcandrov
884,,Eduardo Antuña Díez
885,,piersy
886,,Martin Becze
887,,wangxiang
888,,flowerofdream
889,,Peter Lai
890,,Yoichi Hirai
891,,David Mechler
892,,Ali92hm
893,,Peter Szilagyi
894,,Mark Tyneway
895,,lonika
896,,Vladyslav Lupashevskyi
897,,Seungbae Yu
898,,Bing Clo
899,,Matthew Di Ferrante
900,,Zach
901,,am2rican5
902,,Quest Henkart
903,,nolash
904,,Brion
905,,thumb8432
906,,Elad
907,,Blockchain-Trainer
908,,isdyaufh8o7cq
909,,tamirms
910,,George Ornbo
911,,Jaanek Oja
912,,Maxim Zhiburt
913,,Gerald Nash
914,,subtly
915,,Petr Mikusek
916,,Harry Kalodner
917,,Fire Man
918,,Nick Kjolsing
919,,Yao Zengzeng
920,,tintin
921,,Nathan (Blaise) Bruer
922,,Marek Moraczynski
923,,Marius van der Wijden
924,,Ali Atiia
925,,Agustin Armellini Fischer
926,,Alireza Arjmand
927,,raulk
928,,CarstenNZ
929,,Justin Clark-Casey
930,,Alberto Hernandez
931,,Kenji Siu
932,,Adam Schmideg
933,,divergencetech
934,,Egon Elbre
935,,gladcow
936,,Sumit Sarin
937,,Joshua Fernandes
938,,xD AKA Rapper King Of cn background diablo & revelations
939,,Dave Conroy
940,,Parithosh Jayanthi
941,,Ayman Bouchareb
942,,Matthew Wampler-Doty
943,,yoza
944,,Sasha Duke
945,,juroberttyb
946,,Nikola
947,,lash
948,,Daniel Choi
949,,Nicola Cocchiaro
950,,fab-10
951,,Anshul Yadav
952,,shawn
953,,sunxiaojun2014
954,,Chi Kei Chan
955,,Armani Ferrante
956,,aaronbuchwald
957,,matilote
958,,Addy Yeow
959,,Alpay Yildirim
960,,Roderik van der Veer
961,,Jeff Wentworth
962,,Hanjiang Yu
963,,Viktor Trón
964,,jt9897253
965,,?ukasz Zimnoch
966,,YH-Zhou
967,,Leonard Chinonso
968,,iszubok
969,,Andrei Maiboroda
970,,Liang ZOU
971,,Philip Fan
972,,Victor Shyba
973,,Christopher Harrison
974,,Joey Zhou
975,,Jesse Tane
976,,Alex Sharov
977,,stormpang
978,,Nischal Sharma
979,,Matt Gucci
980,,Diep Pham
981,,anthonybuckle
982,,||= nil
983,,Dave Appleton
984,,zhaochonghe
985,,mark-terry
986,,annaszeszula
987,,Roc Yu
988,,nicky g
989,,peter cresswell
990,,Vaibhaw
991,,tripplegreen
992,,Guillaume Lethuillier
993,,ANOTHEL
994,,bloonfield
995,,Ev
996,,Oli Bye
997,,Edgar Aroutiounian
998,,Flash Sheridan
999,,Balaji Shetty Pachai
1000,,Noman
1001,,Matt Nelson
1002,,Gustavo Silva
1003,,Dmitrij Koniajev
1004,,Sungwoo Kim
1005,,bl0up
1006,,Georgios Konstantopoulos
1007,,Jordan Krage
1008,,Sanghee Choi
1009,,Di Peng
1010,,Andrew Ashikhmin
1011,,Daniel A. Nagy
1012,,Daniel Fernandes
1013,,Nikita Kryuchkov
1014,,Darioush Jalali
1015,,Darrel Herbst
1016,,emhane
1017,,primal_concrete_sledge
1018,,Russ Cox
1019,,CHAMI Rachid
1020,,Ivan Aracki
1021,,Alex Mazalov
1022,,Adam Spiers
1023,,Brandon Holland
1024,,stompesi
1025,,Oleg Jakushkin
1026,,Boqin@MetaSecureLabs
1027,,Fabio Berger
1028,,David Cai
1029,,Leif Jurvetson
1030,,Luke Yeager
1031,,Dan Cline
1032,,Mark Evenson
1033,,Lion - dapplion
1034,,Alejandro Isaza
1035,,terrencecooke
1036,,Diederik Loerakker
1037,,Dan Cline
1038,,Adam Babik
1039,,changhong
1040,,sandakersmann
1041,,Try Space
1042,,varasev
1043,,Corey Lin
1044,,Mark
1045,,Shane Bammel
1046,,Zachinquarantine
1047,,Natsu Kagami
1048,,Szymon Kulec
1049,,Yurie
1050,,Janos Guljas
1051,,KibGzr
1052,,waymobetta
1053,,Steven Dee
1054,,rhaps107
1055,,Javier Sagredo
1056,,gaia
1057,,ligi
1058,,Hamza Shafique
1059,,Geon Kim
1060,,Ivan Daniluk
1061,,dmitriyselivanov
1062,,Eugene Lepeico
1063,,alon muroch
1064,,Ahmad Bitar
1065,,Lee Bousfield
1066,,Steve Ruckdashel
1067,,zer0to0ne
1068,,CDsigma
1069,,Rachel Bousfield
1070,,Edgar Aroutiounian
1071,,Tyler Chambers
1072,,xiyang
1073,,Guillaume NICOLAS
1074,,Mateusz Morusiewicz
1075,,Max Sistemich
1076,,Jonathan Brown
1077,,Nicholas Johnson
1078,,Shinto C V
1079,,Steve Mieskoski
1080,,Nguyen Sy Thanh Son
1081,,Ali Hajimirza
1082,,Laura Bailey
1083,,lhendre
1084,,Tosh Camille
1085,,williamberman
1086,,Vedhavyas Singareddi
1087,,Gari Singh
1088,,Suyash Nayan
1089,,Dan DeGreef
1090,,Evgeny Danienko
1091,,omahs
1092,,xwjack
1093,,Abdelhamid Bakhta
1094,,sarah
1095,,Amit Panghal
1096,,Mateusz J?drzejewski
1097,,Dave McGregor
1098,,Groute
1099,,John Adler
1100,,dipingxian2
1101,,Ahmet Avci
1102,,David Hwang
1103,,Anton Markelov
1104,,Manav Darji
1105,,weimumu
1106,,brendan-kelly
1107,,TY
1108,,Nebojsa Urosevic
1109,,Falco
1110,,jwasinger
1111,,chenglin
1112,,Greg Myers
1113,,Kosuke Taniguchi
1114,,Ricardo Domingos
1115,,wanderer
1116,,Ruben Buniatyan
1117,,Suriyaa Sundararuban
1118,,sharad-develop
1119,,Damian Orzechowski
1120,,Steven Schroeder
1121,,Chawin Aiemvaravutigul
1122,,Zsfelfoldi
1123,,racytech
1124,,Dmitry Zenovich
1125,,Ryan Schneider
1126,,Roman Krasiuk
1127,,Ales Katona
1128,,ken10100147
1129,,Prince Sinha
1130,,Justin
1131,,timothy
1132,,Jay
1133,,Miya Chen
1134,,Anshal Shukla
1135,,Alex Sharov
1136,,Adrian Sabau
1137,,cgst
1138,,Nishant Das
1139,,Lio??
1140,,ucwong
1141,,Mskxn
1142,,FrankWang
1143,,Vincent Serpoul
1144,,Edwin Greene
1145,,Joe Netti
1146,,Evolution404
1147,,kevaundray
1148,,Nicolas Feignon
1149,,Benjamin Prosnitz
1150,,yperbasis
1151,,yihuang
1152,,Yole
1153,,yutianwu
1154,,Nicolas MASSART
1155,,Making GitHub Delicious
1156,,Marian Oancea
1157,,tbocek
1158,,Grzegorz Lesniakiewicz
1159,,foxreymann
1160,,zcheng9
1161,,Jeff Rossiter
1162,,Koustubh Sinkar
1163,,Thomas Taylor
1164,,Luozhu
1165,,villanuevawill
1166,,Manoj Mamidyala
1167,,Denver
1168,,croath
1169,,battlmonstr
1170,,Mohanson
1171,,Emil
1172,,Micah Zoltu
1173,,Rémy Roy
1174,,Leonard Chinonso
1175,,Tatsuya Shimoda
1176,,Rob
1177,,Roman Vaseev
1178,,Hector Chu
1179,,1swaraj
1180,,Obtuse7772
1181,,David Dzhalaev
1182,,Binacs
1183,,Fabian Raetz
1184,,Ivan Kuznetsov
1185,,Brian Schroeder
1186,,Suhabe Bugrara
1187,,Timur Badretdinov
1188,,Richard Schumann
1189,,Pawe? Bylica
1190,,Chris Ziogas
1191,,Dan Kinsley
1192,,Igor Mandrigin
1193,,Camilo Reis Dotto
1194,,Shiming
1195,,Paul Lange
1196,,Sebastian Supreme
1197,,formatting
1198,,Evangelos Pappas
1199,,mikolajsobolewski
1200,,Peter Robinson
1201,,gluk256
1202,,kimmylin
1203,,Yang Hau
1204,,michaelscheung
1205,,John C. Vernaleo
1206,,libby kent
1207,,Giulio Rebuffo
1208,,terasum
1209,,Pedro Pombeiro
1210,,RP27
1211,,Bartosz Kreft
1212,,noam-alchemy
1213,,shuo
1214,,KimMachineGun
1215,,Marek Kotewicz
1216,,Miro
1217,,jtakalai
1218,,Jerzy Lasyk
1219,,Kushal Babel
1220,,Zig Blathazar
1221,,timcooijmans
1222,,Matthew Halpern
1223,,Ti Zhou
1224,,Mark Shields
1225,,sudeep
1226,,FaceHo
1227,,Elad
1228,,Richard Hart
1229,,Casey Kuhlman
1230,,Sly Gryphon
1231,,aaronbuchwald
1232,,Oliver Tale-Yazdi
1233,,nebojsa94
1234,,Ivaylo Kirilov
1235,,Mark Vujevits
1236,,Tbnoapi
1237,,Ha DANG
1238,,Marcos Antonio Maceo
1239,,Hongbin Mao
1240,,SajZ
1241,,Wuxiang
1242,,nujabes403
1243,,martin becze
1244,,taccatisid
1245,,Alex Nebotov
1246,,Evgeny Kolyakov
1247,,Brandon Harden
1248,,Vitaly Bogdanov
1249,,Shuai Qi
1250,,Rachel Franks
1251,,Ry Jones
1252,,Victor Naumik
1253,,YOSHIDA Masanori
1254,,Horacio Mijail Anton Quiles
1255,,Kiel barry
1256,,Cody Born
1257,,hsyodyssey
1258,,ValValu
1259,,Ziyuan Zhong
1260,,xinluyin
1261,,Jorge Arce-Garro
1262,,Lucas Cullen
1263,,Curith
1264,,jin
1265,,Melvin Junhee Woo
1266,,Grzegorz Lesniakiewicz
1267,,Luke Montgomery
1268,,br0tchain
1269,,Jay Guo
1270,,Tim Bieko
1271,,Thad Guidry
1272,,Louis Holbrook
1273,,Fiisio
1274,,Jeff R. Allen
1275,,Daniel Lehrner
1276,,Patrick O'Grady
1277,,Christian Felde
1278,,Tyler Ferrara
1279,,puhtaytow
1280,,Ikko Ashimine
1281,,Martin Alex Philip Dawson
1282,,Krzysztof Chowanski
1283,,Alex Sharov
1284,,jovijovi
1285,,jk-jeongkyun
1286,,Gianfranco Cecconi
1287,,yumiel yoomee1313
1288,,Andrea Franz
1289,,julio4
1290,,lukelee-sl
1291,,Uwe Voelker
1292,,Preston Van Loon
1293,,Zhenguo Niu
1294,,Zhou Zhiyao
1295,,minh-bq
1296,,Li Xuanji
1297,,Giuseppe Bertone
1298,,Alexander van der Meij
1299,,Jeremy Schlatter
1300,,Mateusz J
1301,,Tim Daubenschütz
1302,,sjlee1125
1303,,HarryWu
1304,,Dan Kelly
1305,,Konrad Feldmeier
1306,,Lucas Hendren
1307,,SebastianDremo
1308,,nala
1309,,Aaron Hnatiw
1310,,SilentCicero
1311,,BitBaseBit
1312,,Pawan Singh Pal
1313,,Daniel Perez
1314,,Wenbiao Zheng
1315,,Peter Pratscher
1316,,akiva
1317,,Omar Ceja
1318,,haryu703
1319,,mulili
1320,,TColl
1321,,Stephen Flynn
1322,,AusIV
1323,,Changyoung Koh
1324,,Jordan Cohen
1325,,Yash Atwal
1326,,Derek Chiang
1327,,GagziW
1328,,Alan Chen
1329,,mars
1330,,Gavin Goodship
1331,,therainisme
1332,,Guido Vranken
1333,,Gary Rong
1334,,Stevan Lohja
1335,,Ricardo Domingos
1336,,Paul Berg
