,full_name
0,Artur Troian
1,Francisco de Borja Aranda Castillejo
2,Vitalik Buterin
3,/raw PONG _GHMoaCXLT
4,Nye Liu
5,nobody
6,Raghav Sood
7,Peter Davies
8,Raw Pong Ghmoa
9,JoeG
10,Ceyhun Onur
11,Alexey Shekhirin
12,Mario Vega
13,Changhoon Lee
14,Kenneth Cochran
15,Ian Norden
16,s7v7nislands
17,Charles Cooper
18,Mauricio Perdomo
19,Alex Cabrera
20,Sina Mahmoodi
21,Gísli Kristjánsson
22,failfmi
23,Omer Korner
24,Nick Paterno
25,Reimdal
26,Havard Anda Estensen
27,Ivan Bogatyy
28,Maxim Andreev
29,Diego Lopez Leon
30,Jonathan Chappelow
31,Sheldon
32,Vijay Michalik
33,William Setzer
34,Nate Armstrong
35,Hubert Banaszewski
36,lazaridiscom
37,laughship
38,emile
39,Runchao Han
40,Frojdi Dymylja
41,Sorin Neacsu
42,sam bacha
43,Dan Sosedoff
44,Tangui Clairet
45,Pascal Dierich
46,Katarzyna Turbiarz
47,Noel Maersk
48,George Tebrean
49,z89
50,cui
51,Ilan Gitter
52,alvaroahp11
53,delihiros
54,George Patterson
55,Artem Vorotnikov
56,Exca-DK
57,alexwang
58,Kevin Ingersoll
59,Andrea Lanfranchi
60,Ricardo Catalinas Jiménez
61,Joshua Gutow
62,Jochen Müller
63,Jared Doro
64,dm4
65,Nicholas
66,Marek Moraczynski
67,jack meng
68,Stephen Guo
69,naviechan
70,henopied
71,Christoph Jentzsch
72,Aleksey @soar Smyrnov
73,Arvid Hast
74,Donn Trenton
75,Mikhail Mikheev
76,knarfeh
77,Samuel Marks
78,Sam Boyer
79,Xas
80,Lefteris Karapetsas
81,Slava Karpenko
82,Hendrik Hofstadt
83,dylanhuang
84,Amir Hossein
85,meows
86,hexoscott
87,Kian
88,Vlad Bokov
89,6543
90,hwanjo
91,Dmitry Shulyak
92,maszrum
93,Stephan Tual
94,iFA
95,holisticode
96,Kristof Gazso
97,GuiltyMorishita
98,Ross
99,Guilherme Salgado
100,Josh Richardson
101,???
102,libotony
103,Hao Duan
104,Federico Gimenez
105,Eugene Valeyev
106,Helder Pinto
107,Marcin Sobczak
108,Emin Mahrt
109,S. Matthew English
110,Evgeny Danienko
111,Zahoor Mohamed
112,Hyung-Kyu Hqueue Choi
113,Frank Szendzielarz
114,?TH??SPH???
115,Jonas
116,Abd ar-Rahman Hamidi
117,Paul Berg
118,Alex Willmer
119,Michael Montour
120,Lukasz Rozmej
121,Sylvain Laurent
122,root
123,Giovanni HoSang
124,Leo Shklovskii
125,canepat
126,Furkan KAMACI
127,Fabian Vogelsteller
128,sanskarkhare
129,Peter Szilagyi
130,James Prestwich
131,Alexey Akhunov
132,tmohay
133,Yihau Chen
134,Fuyang Deng
135,Grant Noble
136,Bo
137,kayla-henrie
138,Boqin Qin(? ??)
139,Serhat ?evki Dinçer
140,Taeik Lim
141,Hsien-Tang Kao
142,pinges
143,Mason Fischer
144,cong
145,Sparty
146,Matt Whitehead
147,swaraj18
148,norwnd
149,Payne
150,sveneh
151,Taylor Gerring
152,Alexandre Van de Sande
153,gfx
154,Sean
155,Javier Peletier
156,Ernesto del Toro
157,þ
158,Zou Guangxian
159,Max Revitt
160,Guillaume Ballet
161,Philippe Schommers
162,Lucas Saldanha
163,Jakub Freebit
164,Fabio Barone
165,Anatole
166,Destiner
167,JKinc
168,Pete
169,Anton Evangelatov
170,Ramesh Nair
171,Dexaran
172,Miguel Angel Rojo
173,Andrey Petrov
174,aperseghin
175,Caesar Chad
176,Nikifor Seryakov
177,chris-j-h
178,Temirlan
179,steve greensill
180,Alexander Yastrebov
181,Felipe Faraggi
182,Fabio Di Fabio
183,cpusoft
184,Artem Tsebrovskiy
185,Geff Obscura
186,Pierre R
187,lupin012
188,smartprogrammer93
189,Marin Ivanov
190,hp
191,JU HYEONG PARK
192,ahamlat
193,Christian
194,Shude Li
195,sonicWhale
196,Bryan Stitt
197,Chen Quan
198,thinkAfCod
199,JoranHonig
200,Mio
201,qd-ethan
202,chidi onyema
203,Dave Appleton
204,Erichin
205,Wesley
206,Jeff Prestes
207,ycyraum
208,vdwijden
209,chenyufeng
210,Juan Cruz
211,yep
212,David Huie
213,Victor Farazdagi
214,chabashilah
215,Andy
216,MrChico
217,Juuso Haavisto
218,xD AKA Rapper King Of cn background diablo & revelations
219,Krishna Upadhyaya
220,Felipe Strozberg
221,Martin Klepsch
222,kilic
223,Nicholas Johnson
224,Shunsuke Watanabe
225,shana
226,James Cunningham
227,Tuimf
228,EXEC
229,Egor Egorov
230,Charing
231,nicksavers
232,natdurlik
233,Michael Connor
234,zaccoding
235,Nick Savers
236,Alex Stokes
237,Liang Ma
238,komika
239,"Li, Cheng"
240,mr_franklin
241,Leon
242,Marius van der Wijden
243,Antoine Rondelet
244,Maxim Krasilnikov
245,Ben Holden-Crowther
246,Johns Beharry
247,pinkiebell
248,Alex Wu
249,Zoe Nolan
250,Luca Zeug
251,Martin Michlmayr
252,ledgerwatch
253,Eric Kellstrand
254,Atkins
255,Somu Bhargava
256,Alexander Sadovskyi
257,Giulio Rebuffo
258,George Angel
259,Deepak Sharma
260,Koosha K
261,Ömer Faruk Irmak
262,Ceelog
263,Vlad
264,Kitten King
265,halilylm
266,awskii
267,Valentin Wüstholz
268,Ahyun
269,pk
270,ForLina
271,vim88
272,1337
273,Armin Braun
274,Anton Nashatyrev
275,Andre Patta
276,reinerRubin
277,Roy Langa
278,Vivek Anand
279,Dragan Milic
280,Jeffrey Wilcke
281,Joel Burget
282,PegaSys Admin
283,Andrei Ivasko
284,J1ang
285,Aron Fischer
286,Frenzoid
287,meehow
288,Osoro Bironga
289,Guifel
290,Magicking
291,Mariano Cortesi
292,Derek Gottfrid
293,jkcomment
294,Nikhil Suri
295,Koichi Shiraishi
296,Arba Sasmoyo
297,AleksAvila
298,Jens W
299,HAOYUatHZ
300,Mats Julian Olsen
301,Yohann Leon
302,ywzqwwt
303,Bruno ?kvorc
304,Nikita Kozhemyakin
305,bas-vk
306,Gregory Markou
307,cooganb
308,kikilass
309,Daniel Sloof
310,Joshua Colvin
311,oseau
312,HackyMiner
313,Nalin Bhardwaj
314,Mr-Leshiy
315,Kaushik Donthi
316,cdetrio
317,Shihao Xia
318,Ferran Borreguero
319,Osuke
320,3nprob
321,Eric Robitaille
322,Tim Mustafin
323,Alex Prut
324,dragonvslinux
325,Franklin
326,Kristofer Peterson
327,henridf
328,Russel Waters
329,romanman
330,Julian Koh
331,Jean-André Santoni
332,Lazaridis
333,Boqin Qin
334,Smilenator
335,Roberto Saltini
336,Timo Tijhof
337,gurrpi
338,Edward Evans
339,Nick Ward
340,SjonHortensius
341,Sammy Libre
342,Eli
343,Enrique Fynn
344,Afanasii Kurakin
345,chaals
346,Willian Mitsuda
347,Gregory Popovitch
348,Mike Burr
349,Harry Dutton
350,mempirate
351,Dmitry Savelev
352,Mikhail Vazhnov
353,Oskar Haarklou Veileborg
354,Davor Kapsa
355,Aditya Arora
356,Roberto Bayardo
357,Pedro Gomes
358,Henrique Barcelos
359,Rohit Gupta
360,Chen Houwu
361,Daniel DeLima
362,hrthaowang
363,Steve Gattuso
364,Stephen Shelton
365,Kenso Trabing
366,Thibauld Favre
367,Ha DANG
368,=
369,Pulyak Viktor
370,Nick Dodson
371,slumber1122
372,icodezjb
373,Hao Bryan Cheng
374,Vinod Damle
375,Connor Stein
376,xincaosu
377,Erez Wanderman
378,Vitaly V
379,Rob Mulholand
380,Anusha
381,Julian Y
382,Zak Cole
383,Michael Forney
384,Rithwik Babu
385,Fefe
386,Mohamed Abdulaziz
387,Sad Pencil
388,Marius Kjærstad
389,Eval EXEC
390,ploui
391,Harsh Mishra
392,Jorge Mederos
393,John Chase
394,njupt-moon
395,Puneetha Karamsetty
396,Gus
397,Justin Florentine
398,Paulo L F Casaretto
399,Chris Chinchilla
400,Kawashima
401,Jonathan Gimeno
402,Peter Simard
403,pietjepuk2
404,RJ
405,milesvant
406,nanevardanyan
407,Yier
408,glethuillier
409,Alex Mylonas
410,Zhenyang Shi
411,Justin Traglia
412,Vox
413,Janko Simonovic
414,Hellsegga
415,Domino Valdano
416,b00ris
417,mmsqe
418,Ward Bradt
419,Swarnim Pratap Singh
420,Daniel Celeda
421,Adrià Cidre
422,meowsbits
423,jacobhackman
424,Daniel Katzan
425,Jonathan Otto
426,Danno Ferrin
427,Benjamin Brent
428,Mark Holt
429,Lee Hyeon
430,Enrique Jose  Avila Asapche
431,Ricardo Silva
432,Ivo Georgiev
433,Saman H. Pasha
434,Paul Litvak
435,Philip Schlump
436,Taeguk Kwon
437,bernard-wagner
438,Maksim
439,catcs
440,Robert Zaremba
441,Anna Jab?onowska
442,Saravana Perumal Shanmugam
443,Jason Frame
444,setunapo
445,Ruohui Wang
446,Gustav Simonsson
447,Martin Holst Swende
448,a
449,Pierre Neter
450,Sachin Kumar Singh
451,Paul Harris
452,lightclient
453,matkt
454,e-danko
455,David Cai
456,Gabriel-Trintinalia
457,bgravenorst
458,mohoff
459,zelig
460,tranvictor
461,Nikola Madjarevic
462,Prasanna Pendse
463,thomasmodeneis
464,Kasper Ziemianek
465,Park Changwan
466,obscuren
467,Mymskmkt
468,Hadrien Croubois
469,bgelb
470,mark.lin
471,RJ Catalano
472,Thomas Bocek
473,Jolly Zhao
474,Corey Farwell
475,Ralph Caraveo III
476,Levi Aul
477,zeim839
478,Bogdan Stirbat
479,Guruprasad Kamath
480,baptiste-b-pegasys
481,lzhfromustc
482,Pantelis Peslis
483,michael1011
484,Yusup
485,Jarrad Hope
486,needkane
487,Afri Schoeden
488,evgk
489,tia-99
490,qiuhaohao
491,Benoit Verkindt
492,Firescar96
493,Shintaro Kaneko
494,Kumar Anirudha
495,Roman Mazalov
496,hadv
497,?ukasz Kurowski
498,Li Dongwei
499,Ethan Buchman
500,Clayton Jacobs
501,Antonio Salazar Cardozo
502,a-sklyarov
503,Pedro Novais
504,Peter (bitfly)
505,Mohit Saxena
506,Or Neeman
507,Jason Yellick
508,Steven Roose
509,Brent
510,Emmanuel T Odeke
511,Sebastian Stammler
512,Nicolas Gotchac
513,hero5512
514,Kirill Elagin
515,Gautam Botrel
516,Zhang Zhuo
517,Alex Sharov
518,Michael de Hoog
519,Dmitriy Fishman
520,Drake Burroughs
521,SeaMonkey82
522,rene
523,Henning Diedrich
524,Obulapathi N Challa
525,chuwt
526,Dean
527,Ethan Heilman
528,Yehia Tarek
529,Christian Muehlhaeuser
530,Pierre Grimaud
531,Tobias Hildebrandt
532,Nicolas Guillaume
533,Thorsten Hirsch
534,Michael Ruminer
535,SaNNNNNNNN
536,Oleg Kovalov
537,AmitBRD
538,protolambda
539,Kasia Turbiarz
540,David Murdoch
541,sixdays
542,rjl493456442
543,jiang
544,Sebastian Bathke
545,Sarlor
546,baizhenxuan
547,Kushagra Sharma
548,rekyyang
549,John Difool
550,Mudit Gupta
551,Zhengyan Gao
552,Eduard S
553,Victor Baranov
554,Kwuaint
555,Ariel Tempelhof
556,winsvega
557,Mathijs de Bruin
558,detailyang
559,Andrew Chiw
560,shiqinfeng1
561,Joe Clapis
562,Talha Cross
563,b1ackd0t
564,ult-bobonovski
565,Martin Becze
566,Roman Koblov
567,Yondon Fu
568,Vie
569,chirag-bgh
570,Karim T
571,arkpar
572,Jaynti Kanani
573,ayeowch
574,CJ Hare
575,Alexandr Borodulin
576,0xe3b0c4
577,Nimrod Gutman
578,Abel Nieto
579,Jorropo
580,mustafauzunn
581,calmbeing
582,EOS Classic
583,Simon Jentzsch
584,Nickolay Savchenko
585,ag
586,zhangsoledad
587,tgyKomgo
588,LieutenantRoger
589,jeffersonwarrior
590,Peter Broadhurst
591,Jia Chenhui
592,Edward Mack
593,Vinicius Stevam
594,ryanc414
595,C. Brown
596,Manoj Kumar
597,Jason Carver
598,Sally MacFarlane
599,Robert Edström
600,Henry
601,Uttam Singh
602,Simon Dudley
603,6xiaowu9
604,Maran
605,Sam
606,MadelineMurray
607,Nguyen Kien Trung
608,Davide Savazzi
609,Felix Lange
610,Or Rikon
611,Amirul Ashraf
612,KAI
613,fynn.z
614,magooster
615,Crispin Flowerday
616,Alex Beregszaszi
617,xternet
618,Jonathan Verhees
619,Michelangelo Riccobene
620,Pascal Marco Caversaccio
621,Bo Ye
622,JoeGruffins
623,Husam Ibrahim
624,Chase Wright
625,Martin Redmond
626,Mark Rushakoff
627,Adrian Sutton
628,Rafael Matias
629,William Morriss
630,Kamil Chodo?a
631,Kyuntae Ethan Kim
632,Kobi Gurkan
633,Thomas Jay Rush
634,Lautaro Emanuel
635,kumavis
636,alexqrid
637,Cayman Nava
638,fomotrader
639,? Elliot Shepherd
640,Rob Dawson
641,Jussi Virtanen
642,0xMaxMa
643,Dhruv Bodani
644,wbt
645,Janos Guljas
646,Lorenzo Manacorda
647,Jim McDonald
648,shigeyuki azuchi
649,Maxime Quandalle
650,Abirdcfly
651,jacksoom
652,DoubleWoodH
653,yahtoo
654,Freeman Jiang
655,Airead
656,Christopher Mckay
657,CrashOverride
658,Richard Patel
659,usmananwar
660,wuff1996
661,?????? ????? (Leonid Yuriev)
662,hydai
663,soc1c
664,cui fliter
665,Ferenc Szabo
666,Shivam Sandbhor
667,ethers
668,Delweng
669,Ben Kirwin
670,Somnath Banerjee
671,PilkyuJung
672,Jonny Rhea
673,Luke Champine
674,George Hotz
675,courtier
676,Miguel Mota
677,LeoLiao
678,Enrique Ortiz
679,Ben Adams
680,Grachev Mikhail
681,DongXi Huang
682,Eng Zer Jun
683,Qian Bin
684,kkokosa
685,int88
686,Paul-Armand Verhaegen
687,G. Kay Lee
688,Kurkó Mihály
689,unknown
690,Matija Folnovic
691,Reg
692,Marc-André Dumas
693,Rajdeep Singh
694,Felix Yan
695,Wihan de Beer
696,williambannas
697,Justus
698,Rajaram Gaunker
699,Stéphane Loeuillet
700,tzapu
701,Victor Deleau
702,Saulius Grigaitis
703,Tim Myers
704,salanfe
705,Iskander (Alex) Sharipov
706,Bob Glickstein
707,Stefan Pingel
708,Bakuchi
709,Paul
710,Maximilian Meister
711,lailiuyuan
712,Marian OANC?A
713,willian.eth
714,Jeremy McNevin
715,Sasuke1964
716,xiekeyang
717,Gabriel Camargo Fukushima
718,Lawrence Aiello
719,Bas van Kervel
720,Lewis Marshall
721,gregg dourgarian
722,Nilesh Trivedi
723,lmittmann
724,Steve Waldman
725,Elad Nachmias
726,Defido Coin
727,Amin Talebi
728,Piotr Dyraga
729,tsarpaul
730,Miguel Tenorio
731,Gav Wood
732,joohhnnn
733,imulmat4
734,noel
735,benma
736,xq840622
737,Ratan Rai Sur
738,VoR0220
739,Sandra Wang
740,Trent Mohay
741,Fynn
742,dtan3847
743,Dan Melton
744,Arash
745,ferhat elmas
746,villesundell
747,ethersphere
748,uji
749,nkbai
750,yong
751,caktux
752,Ian Macalinao
753,storyicon
754,zah
755,Isidoro Ghezzi
756,Tien
757,Jamie Pitts
758,Klaudia Jazgar
759,openex
760,The-Coomer
761,zyfrank
762,Brett Henderson
763,Matt Kula
764,Jeffery Robert Walsh
765,atsushi-ishibashi
766,Jiri Peinlich
767,Greg Colvin
768,Fredrik Svantes
769,Heiko Heiko
770,rangzen
771,garyschulte
772,Seonggwon Yoon
773,Richard Littauer
774,net.wyman
775,Antoine Toulme
776,Olivier H
777,TBC Dev
778,George Carder
779,MichaelRiabzev-StarkWare
780,zgfzgf
781,Kris Shinn
782,turboboost55
783,zhiqiangxu
784,Joseph Goulden
785,Stein Dekker
786,necaremus
787,banteg
788,Piotr Gankiewicz
789,Markus Keil
790,Water
791,Steven E. Harris
792,Diego Siqueira
793,Aditya Kode
794,farwayer
795,Chris Pacia
796,Nic Jansma
797,Valentin Trinqué
798,DenrianWeiss
799,Devon Bear
800,Evgeny Danilenko
801,Ikko Ashimine
802,Balint Gabor
803,fenghaojiang
804,Leonardo Yvens
805,kevin.xu
806,mbaxter
807,Tristan-Wilson
808,lwh
809,manlio
810,Seungbae Yu
811,mace
812,strykerin
813,Mihai
814,Tanishq Jasoria
815,Arun kumar
816,Elias Naur
817,Fox Reymann
818,Attila Gazso
819,Jake Haugen
820,me020523
821,xinbenlv
822,ImanSharaf
823,Pavol Rusnak
824,a e r t h
825,Nikita Mescheryakov
826,Carl Allendorph
827,Frank Li
828,Mike Neuder
829,Joseph Cook
830,Usman Saleem
831,bailantaotao
832,Steven Gregg
833,Eugene Lepeico
834,panicalways
835,Antony Denyer
836,Reinhard Schu
837,Dmitry Savonin
838,Satpal
839,Felföldi Zsolt
840,makcandrov
841,Eduardo Antuña Díez
842,piersy
843,wangxiang
844,flowerofdream
845,Peter Lai
846,Zsfelfoldi
847,Yoichi Hirai
848,David Mechler
849,Ali92hm
850,Mark Tyneway
851,lonika
852,Vladyslav Lupashevskyi
853,Bing Clo
854,Matthew Di Ferrante
855,Zach
856,am2rican5
857,Quest Henkart
858,nolash
859,Brion
860,thumb8432
861,Blockchain-Trainer
862,isdyaufh8o7cq
863,tamirms
864,George Ornbo
865,Jaanek Oja
866,Maxim Zhiburt
867,Gerald Nash
868,subtly
869,Petr Mikusek
870,Harry Kalodner
871,Fire Man
872,Nick Kjolsing
873,Yao Zengzeng
874,tintin
875,Nathan (Blaise) Bruer
876,Marius
877,Ali Atiia
878,Agustin Armellini Fischer
879,Alireza Arjmand
880,raulk
881,CarstenNZ
882,Justin Clark-Casey
883,Alberto Hernandez
884,Kenji Siu
885,Adam Schmideg
886,divergencetech
887,Egon Elbre
888,gladcow
889,Sumit Sarin
890,Joshua Fernandes
891,Dave Conroy
892,Parithosh Jayanthi
893,Ayman Bouchareb
894,Matthew Wampler-Doty
895,yoza
896,Sasha Duke
897,juroberttyb
898,Nikola
899,lash
900,Daniel Choi
901,Nicola Cocchiaro
902,fab-10
903,Anshul Yadav
904,shawn
905,sunxiaojun2014
906,Chi Kei Chan
907,Armani Ferrante
908,aaronbuchwald
909,matilote
910,Addy Yeow
911,Alpay Yildirim
912,Roderik van der Veer
913,Jeff Wentworth
914,Hanjiang Yu
915,Viktor Trón
916,jt9897253
917,?ukasz Zimnoch
918,YH-Zhou
919,iszubok
920,Andrei Maiboroda
921,Liang ZOU
922,Philip Fan
923,Victor Shyba
924,Christopher Harrison
925,Joey Zhou
926,Jesse Tane
927,stormpang
928,Nischal Sharma
929,Matt Gucci
930,Diep Pham
931,anthonybuckle
932,||= nil
933,zhaochonghe
934,mark-terry
935,annaszeszula
936,Roc Yu
937,nicky g
938,peter cresswell
939,Vaibhaw
940,tripplegreen
941,Guillaume Lethuillier
942,ANOTHEL
943,bloonfield
944,Ev
945,Oli Bye
946,Flash Sheridan
947,Balaji Shetty Pachai
948,Noman
949,Matt Nelson
950,Gustavo Silva
951,Dmitrij Koniajev
952,Sungwoo Kim
953,bl0up
954,Georgios Konstantopoulos
955,Jordan Krage
956,Sanghee Choi
957,Di Peng
958,Andrew Ashikhmin
959,Daniel A. Nagy
960,Daniel Fernandes
961,Nikita Kryuchkov
962,Darioush Jalali
963,Darrel Herbst
964,emhane
965,primal_concrete_sledge
966,Russ Cox
967,CHAMI Rachid
968,Ivan Aracki
969,Alex Mazalov
970,Adam Spiers
971,Brandon Holland
972,stompesi
973,Oleg Jakushkin
974,Boqin@MetaSecureLabs
975,Fabio Berger
976,Leif Jurvetson
977,Mark Evenson
978,Dan Cline
979,Luke Yeager
980,Lion - dapplion
981,Alejandro Isaza
982,terrencecooke
983,Diederik Loerakker
984,Adam Babik
985,changhong
986,sandakersmann
987,Try Space
988,varasev
989,Corey Lin
990,Mark
991,Shane Bammel
992,Zachinquarantine
993,Natsu Kagami
994,Szymon Kulec
995,Yurie
996,KibGzr
997,waymobetta
998,Steven Dee
999,rhaps107
1000,Javier Sagredo
1001,gaia
1002,ligi
1003,Hamza Shafique
1004,Geon Kim
1005,Ivan Daniluk
1006,dmitriyselivanov
1007,alon muroch
1008,Ahmad Bitar
1009,Lee Bousfield
1010,Steve Ruckdashel
1011,zer0to0ne
1012,CDsigma
1013,Rachel Bousfield
1014,Edgar Aroutiounian
1015,Tyler Chambers
1016,xiyang
1017,Guillaume NICOLAS
1018,Mateusz Morusiewicz
1019,Max Sistemich
1020,Jonathan Brown
1021,Shinto C V
1022,Steve Mieskoski
1023,Nguyen Sy Thanh Son
1024,Ali Hajimirza
1025,Laura Bailey
1026,lhendre
1027,Tosh Camille
1028,williamberman
1029,Vedhavyas Singareddi
1030,Gari Singh
1031,Suyash Nayan
1032,Dan DeGreef
1033,omahs
1034,xwjack
1035,Abdelhamid Bakhta
1036,sarah
1037,Amit Panghal
1038,Mateusz J?drzejewski
1039,Dave McGregor
1040,Groute
1041,John Adler
1042,dipingxian2
1043,Ahmet Avci
1044,David Hwang
1045,Anton Markelov
1046,Manav Darji
1047,weimumu
1048,brendan-kelly
1049,TY
1050,Nebojsa Urosevic
1051,Falco
1052,jwasinger
1053,chenglin
1054,Greg Myers
1055,Kosuke Taniguchi
1056,wanderer
1057,Ruben Buniatyan
1058,Suriyaa Sundararuban
1059,sharad-develop
1060,Damian Orzechowski
1061,Steven Schroeder
1062,Chawin Aiemvaravutigul
1063,racytech
1064,Dmitry Zenovich
1065,Ryan Schneider
1066,Roman Krasiuk
1067,Ales Katona
1068,ken10100147
1069,Prince Sinha
1070,Justin
1071,timothy
1072,Jay
1073,Miya Chen
1074,Anshal Shukla
1075,Alex Sharp
1076,Adrian Sabau
1077,cgst
1078,Nishant Das
1079,Lio??
1080,ucwong
1081,Mskxn
1082,FrankWang
1083,Vincent Serpoul
1084,Edwin Greene
1085,Joe Netti
1086,Evolution404
1087,kevaundray
1088,Nicolas Feignon
1089,Benjamin Prosnitz
1090,yperbasis
1091,yihuang
1092,Yole
1093,Lightcilent
1094,yutianwu
1095,Nicolas MASSART
1096,Making GitHub Delicious
1097,Marian Oancea
1098,tbocek
1099,Grzegorz Lesniakiewicz
1100,foxreymann
1101,zcheng9
1102,Jeff Rossiter
1103,Koustubh Sinkar
1104,Thomas Taylor
1105,Luozhu
1106,villanuevawill
1107,Manoj Mamidyala
1108,Denver
1109,croath
1110,battlmonstr
1111,Mohanson
1112,Emil
1113,Micah Zoltu
1114,Rémy Roy
1115,Leonard Chinonso
1116,Tatsuya Shimoda
1117,Rob
1118,Roman Vaseev
1119,Hector Chu
1120,1swaraj
1121,Obtuse7772
1122,David Dzhalaev
1123,Binacs
1124,Fabian Raetz
1125,Ivan Kuznetsov
1126,Brian Schroeder
1127,Suhabe Bugrara
1128,Timur Badretdinov
1129,Richard Schumann
1130,Pawe? Bylica
1131,Dan Kinsley
1132,Chris Ziogas
1133,Igor Mandrigin
1134,Camilo Reis Dotto
1135,Shiming
1136,Paul Lange
1137,Sebastian Supreme
1138,formatting
1139,Evangelos Pappas
1140,mikolajsobolewski
1141,Peter Robinson
1142,gluk256
1143,kimmylin
1144,Yang Hau
1145,michaelscheung
1146,John C. Vernaleo
1147,Tomasz Stanczak
1148,libby kent
1149,terasum
1150,Pedro Pombeiro
1151,RP27
1152,Bartosz Kreft
1153,noam-alchemy
1154,shuo
1155,KimMachineGun
1156,Marek Kotewicz
1157,Miro
1158,jtakalai
1159,Jerzy Lasyk
1160,Kushal Babel
1161,Zig Blathazar
1162,timcooijmans
1163,Matthew Halpern
1164,Ti Zhou
1165,Mark Shields
1166,sudeep
1167,FaceHo
1168,Richard Hart
1169,Elad
1170,Casey Kuhlman
1171,Sly Gryphon
1172,Oliver Tale-Yazdi
1173,nebojsa94
1174,Ivaylo Kirilov
1175,Mark Vujevits
1176,Tbnoapi
1177,Marcos Antonio Maceo
1178,Hongbin Mao
1179,SajZ
1180,Wuxiang
1181,nujabes403
1182,martin becze
1183,taccatisid
1184,Alex Nebotov
1185,Evgeny Kolyakov
1186,Brandon Harden
1187,Vitaly Bogdanov
1188,Shuai Qi
1189,Rachel Franks
1190,Ry Jones
1191,Victor Naumik
1192,YOSHIDA Masanori
1193,Horacio Mijail Anton Quiles
1194,Kiel barry
1195,Cody Born
1196,hsyodyssey
1197,ValValu
1198,Ziyuan Zhong
1199,xinluyin
1200,Jorge Arce-Garro
1201,Lucas Cullen
1202,Curith
1203,jin
1204,Melvin Junhee Woo
1205,Luke Montgomery
1206,br0tchain
1207,Jay Guo
1208,Tim Beiko
1209,Thad Guidry
1210,Louis Holbrook
1211,Fiisio
1212,Jeff R. Allen
1213,Daniel Lehrner
1214,Patrick O'Grady
1215,Christian Felde
1216,Tyler Ferrara
1217,puhtaytow
1218,Martin Alex Philip Dawson
1219,Krzysztof Chowanski
1220,jovijovi
1221,jk-jeongkyun
1222,Gianfranco Cecconi
1223,yumiel yoomee1313
1224,Andrea Franz
1225,julio4
1226,lukelee-sl
1227,Uwe Voelker
1228,Preston Van Loon
1229,Zhenguo Niu
1230,Zhou Zhiyao
1231,minh-bq
1232,Li Xuanji
1233,Giuseppe Bertone
1234,Alexander van der Meij
1235,Jeremy Schlatter
1236,Mateusz J
1237,Tim Daubenschütz
1238,sjlee1125
1239,HarryWu
1240,Dan Kelly
1241,Konrad Feldmeier
1242,Lucas Hendren
1243,SebastianDremo
1244,nala
1245,Aaron Hnatiw
1246,SilentCicero
1247,BitBaseBit
1248,Pawan Singh Pal
1249,Daniel Perez
1250,Wenbiao Zheng
1251,Peter Pratscher
1252,akiva
1253,Omar Ceja
1254,haryu703
1255,mulili
1256,TColl
1257,Stephen Flynn
1258,AusIV
1259,Changyoung Koh
1260,Jordan Cohen
1261,Yash Atwal
1262,Derek Chiang
1263,GagziW
1264,Alan Chen
1265,mars
1266,Gavin Goodship
1267,therainisme
1268,Gary Rong
1269,Guido Vranken
1270,Stevan Lohja
1271,Ricardo Domingos
1272,Ricardo Guilherme Schmidt
