,Name,list
0,Carl Larson,contributor
1,Aleš Katona,contributor
2,Weiji Guo,contributor
3,Lefteris Karapetsas,contributor
4,winsvega,contributor
5,Witek,contributor
6,Andrew Parker,contributor
7,Ev,contributor
8,pix16,contributor
9,Medard Mandane,contributor
10,Justin Florentine,contributor
11,BinaryQuasar,contributor
12,John Forrest,contributor
13,Andres Guarneros,contributor
14,Taehee Yoon,contributor
15,Viktor Radchenko,contributor
16,bradleat,contributor
17,Sebastian C. Bürgel,contributor
18,Bas Nijholt,contributor
19,chgormanMH,contributor
20,Thibault Meunier,contributor
21,William Chargin,contributor
22,Balaji Shetty Pachai,contributor
23,Talha Cross,contributor
24,Gabi,contributor
25,Cody Burns,contributor
26,Ikko Ashimine,contributor
27,Micah Zoltu,contributor
28,Afri Schoeden,contributor
29,Leo Arias,contributor
30,Nitika Goel,contributor
31,Boris Mann,contributor
32,juanchel,contributor
33,robzizo,contributor
34,Bruno Barbieri,contributor
35,Cliff Hall,contributor
36,pistomat,contributor
37,Kirk Baird,contributor
38,niftynathangang,contributor
39,Sören Steiger,contributor
40,Herman Junge,contributor
41,Junseok Lee,contributor
42,rotcivegaf,contributor
43,flanagansteve,contributor
44,hexzorro,contributor
45,Daniel Lehrner,contributor
46,Vie,contributor
47,hjlee9182,contributor
48,Ayrat Badykov,contributor
49,Adam Schmideg,contributor
50,zaq1tomo,contributor
51,Andrew Ashikhmin,contributor
52,Joe Jordan,contributor
53,triggering-event,contributor
54,Changhoon Lee,contributor
55,Fokion Zervoudakis,contributor
56,ifdefelse,contributor
57,David Brailovsky,contributor
58,Will42,contributor
59,Maciej Górski,contributor
60,pandadefi,contributor
61,Lanre Ige,contributor
62,Ilan,contributor
63,phiferd,contributor
64,0xfawkes,contributor
65,will@solv.finance,contributor
66,rictorlome,contributor
67,Erik van Rijn,contributor
68,PhyrexTsai,contributor
69,delaaxe,contributor
70,Antonio Salazar Cardozo,contributor
71,Ian Welsh,contributor
72,adeelhasan,contributor
73,Mamy Ratsimbazafy,contributor
74,yuzushioh,contributor
75,Domino Valdano,contributor
76,Armando Andini,contributor
77,Pavel Motyrev,contributor
78,Dror Tirosh,contributor
79,yus,contributor
80,Bumblefudge,contributor
81,mr.yalamanchi,contributor
82,Ayman Bouchareb,contributor
83,Alex-Klasma,contributor
84,Nate Welch,contributor
85,HsiaChiHao,contributor
86,Antonio Sanso,contributor
87,corentinDallenogare,contributor
88,Sacha Saint-Leger,contributor
89,Ikmyeong Na,contributor
90,Matt Galligan,contributor
91,David Bieber,contributor
92,OmkarK97,contributor
93,Mark Beylin,contributor
94,Riley,contributor
95,Lev Dubinets,contributor
96,g. nicholas d'andrea,contributor
97,gary rong,contributor
98,Nielsen,contributor
99,Patrick Gallagher,contributor
100,taek,contributor
101,Sungho Hwang,contributor
102,Suleman Kardas,contributor
103,vub,contributor
104,Philippe Dumonet,contributor
105,David Stanfill,contributor
106,Jack Peterson,contributor
107,Albert,contributor
108,EOS Classic,contributor
109,Ori Pomerantz,contributor
110,meowsbits,contributor
111,Simon Jentzsch,contributor
112,ethosdev,contributor
113,Lucas Vogelsang,contributor
114,DHRUV,contributor
115,Sudeep Biswas,contributor
116,Justin Silver,contributor
117,Dean Eigenmann,contributor
118,Drake Evans,contributor
119,chaals,contributor
120,Jordan Schalm,contributor
121,Little Sheep,contributor
122,gluk256,contributor
123,Andrew Cooke,contributor
124,donBarbos,contributor
125,Lee Raj,contributor
126,Suriyaa Sundararuban,contributor
127,Carl Beekhuizen,contributor
128,Uri Klarman,contributor
129,kevinbogner,contributor
130,Holger Drewes,contributor
131,Chance Hudson,contributor
132,KBT Admin,contributor
133,adam-alchemy,contributor
134,Jacques Dafflon,contributor
135,Ivo Georgiev,contributor
136,Noah Zinsmeister,contributor
137,AlexandreBelling,contributor
138,Bryan Stitt,contributor
139,Muhammad Altabba,contributor
140,benk10,contributor
141,Zhihao Chen,contributor
142,Xinyang,contributor
143,Sho IIZUKA,contributor
144,Eric Winer,contributor
145,Angel Leon,contributor
146,pldespaigne,contributor
147,Kashish Khullar,contributor
148,c-g-e-w-e-k-e-,contributor
149,Frank.R.Wu,contributor
150,misrab,contributor
151,Trustfarm-heart,contributor
152,Alex Forshtat,contributor
153,null_radix,contributor
154,marianasoff,contributor
155,bitspill,contributor
156,Dmitriy Fishman,contributor
157,Jonny Rhea,contributor
158,Hudson Jameson,contributor
159,Viktor Trón,contributor
160,Alita Moore,contributor
161,Yamen Merhi,contributor
162,Jason Carver,contributor
163,Sally MacFarlane,contributor
164,Yoichi Hirai,contributor
165,Jean Cvllr,contributor
166,Logan Saether,contributor
167,Artem Chystiakov,contributor
168,Spirin Vladimir,contributor
169,aspoky,contributor
170,Tobias Oberstein,contributor
171,Andrew Miller,contributor
172,Cyril Lapinte,contributor
173,Noel Maersk,contributor
174,tserg,contributor
175,maurelian,contributor
176,smithereens,contributor
177,P. Misirov,contributor
178,cf,contributor
179,Gabriel Barros,contributor
180,Enrique Ortiz,contributor
181,Agustin Aguilar,contributor
182,Mandar Vaze,contributor
183,Fredrik Svantes,contributor
184,Tadashi,contributor
185,jeffishjeff,contributor
186,Nilang-Decentral,contributor
187,Jochem Brouwer,contributor
188,Chaitanya Potti,contributor
189,cha0sg0d,contributor
190,g11tech,contributor
191,GT,contributor
192,Dan Finlay,contributor
193,Joey,contributor
194,Tal Ater,contributor
195,yoshinori fukushima,contributor
196,Daniel Cousens,contributor
197,Duncan Westland,contributor
198,Lane Rettig,contributor
199,SuryaSJit,contributor
200,Jeffrey Wilcke,contributor
201,Bogdan Gusiev,contributor
202,The Officious BokkyPooBah,contributor
203,Antoine Toulme,contributor
204,Clément Lesaege,contributor
205,Ahmad Bitar,contributor
206,Paul Bouchon,contributor
207,Jean-Philippe Aumasson,contributor
208,Andrea Lanfranchi,contributor
209,Garcia,contributor
210,DB Hurley,contributor
211,Radek,contributor
212,Paul Miller,contributor
213,James Sangalli,contributor
214,Rai Ratan Sur,contributor
215,yoav-tabookey,contributor
216,David Hermann Brandt,contributor
217,Maxim,contributor
218,Rikard Hjort,contributor
219,Hadrien Croubois,contributor
220,Mikhail Grechannikov,contributor
221,Sam Richards,contributor
222,emojidao,contributor
223,Dionysis Zindros,contributor
224,frenchkebab,contributor
225,VexyCats,contributor
226,Patricio Palladino,contributor
227,sherbst,contributor
228,MattLongCT,contributor
229,Franco Victorio,contributor
230,query0x,contributor
231,cslarson,contributor
232,HAOYUatHZ,contributor
233,Mohamed Abdulaziz,contributor
234,Kohshi Shiba,contributor
235,EmojiDao,contributor
236,WTRMQDev,contributor
237,Tom Brand,contributor
238,alex-forshtat-tbk,contributor
239,Adrian Ciurdărean,contributor
240,Mister-Meeseeks,contributor
241,Jay Logelin,contributor
242,louisguthmannStarkWare,contributor
243,Daniel Luca,contributor
244,Taha Dhailey,contributor
245,Suning Yao,contributor
246,achon22,contributor
247,Fatih,contributor
248,Maurelian,contributor
249,Remco Bloemen,contributor
250,Watson Ladd,contributor
251,knarfeh,contributor
252,Dave Sag,contributor
253,Lucas Cullen,contributor
254,juztin,contributor
255,Shoaib Ahmed,contributor
