Number,Title,Author,Status
1,EIP Purpose and Guidelines,"Martin Becze <[email protected]>, Hudson Jameson <[email protected]>, et al.",Living
5069,EIP Editor Handbook,"Pooja Ranjan (@poojaranjan), Gavin John (@Pandapip1)",Living 
2,Homestead Hard-fork Changes,Vitalik Buterin (@vbuterin),Final
4,EIP Classification,Joseph Chow (@ethers),Final
5,Gas Usage for `RETURN` and `CALL*`,Christian Reitwiessner <[email protected]>,Final
6,Renaming SUICIDE opcode,Hudson Jameson <[email protected]>,Final
7,DELEGATECALL,Vitalik Buterin (@vbuterin),Final
8,devp2p Forward Compatibility Requirements for Homestead,Felix Lange <[email protected]>,Final
20,Token Standard,"Fabian Vogelsteller <[email protected]>, Vitalik Buterin <[email protected]>",Final
55,Mixed-case checksum address encoding,"Vitalik Buterin <[email protected]>, Alex Van de Sande <[email protected]>",Final
100,Change difficulty adjustment to target mean block time including uncles,Vitalik Buterin (@vbuterin),Final
137,Ethereum Domain Name Service - Specification,Nick Johnson <[email protected]>,Final
140,REVERT instruction,"Alex Beregszaszi (@axic), Nikolai Mushegian <[email protected]>",Final
141,Designated invalid EVM instruction,Alex Beregszaszi (@axic),Final
145,Bitwise shifting instructions in EVM,"Alex Beregszaszi (@axic), Pawe? Bylica (@chfast)",Final
150,Gas cost changes for IO-heavy operations,Vitalik Buterin (@vbuterin),Final
152,Add BLAKE2 compression function `F` precompile,"Tjaden Hess <[email protected]>, Matt Luongo (@mhluongo), Piotr Dyraga (@pdyraga), James Hancock (@MadeOfTin)",Final
155,Simple replay attack protection,Vitalik Buterin (@vbuterin),Final
158,State clearing,Vitalik Buterin (@vbuterin),Final
160,EXP cost increase,Vitalik Buterin (@vbuterin),Final
161,State trie clearing (invariant-preserving alternative),Gavin Wood (@gavofyork),Final
162,Initial ENS Hash Registrar,"Maurelian, Nick Johnson <[email protected]>, Alex Van de Sande <[email protected]>",Final
165,Standard Interface Detection,"Christian Reitwießner <[email protected]>, Nick Johnson <[email protected]>, Fabian Vogelsteller <[email protected]>, Jordi Baylina <[email protected]>, Konrad Feldmeier <[email protected]>, William Entriken <[email protected]>",Final
170,Contract code size limit,Vitalik Buterin (@vbuterin),Final
173,Contract Ownership Standard,"Nick Mudge (@mudgen), Dan Finlay <[email protected]>",Final
181,ENS support for reverse resolution of Ethereum addresses,Nick Johnson <[email protected]>,Final
190,Ethereum Smart Contract Packaging Standard,"Piper Merriam (@pipermerriam), Tim Coulter (@tcoulter), Denis Erfurt (@mhhf), RJ Catalano (@VoR0220), Iuri Matias (@iurimatias)",Final
191,Signed Data Standard,"Martin Holst Swende (@holiman), Nick Johnson <[email protected]>",Final
196,Precompiled contracts for addition and scalar multiplication on the elliptic curve alt_bn128,Christian Reitwiessner <[email protected]>,Final
197,Precompiled contracts for optimal ate pairing check on the elliptic curve alt_bn128,"Vitalik Buterin <[email protected]>, Christian Reitwiessner <[email protected]>",Final
198,Big integer modular exponentiation,Vitalik Buterin (@vbuterin),Final
211,New opcodes: RETURNDATASIZE and RETURNDATACOPY,Christian Reitwiessner <[email protected]>,Final
214,New opcode STATICCALL,"Vitalik Buterin <[email protected]>, Christian Reitwiessner <[email protected]>",Final
225,Clique proof-of-authority consensus protocol,Péter Szilágyi <[email protected]>,Final
234,Add `blockHash` to JSON-RPC filter options.,Micah Zoltu (@MicahZoltu),Final
600,Ethereum purpose allocation for Deterministic Wallets,"Nick Johnson (@arachnid), Micah Zoltu (@micahzoltu)",Final
601,Ethereum hierarchy for deterministic wallets,"Nick Johnson (@arachnid), Micah Zoltu (@micahzoltu)",Final
606,Hardfork Meta: Homestead,Alex Beregszaszi (@axic),Final
607,Hardfork Meta: Spurious Dragon,Alex Beregszaszi (@axic),Final
608,Hardfork Meta: Tangerine Whistle,Alex Beregszaszi (@axic),Final
609,Hardfork Meta: Byzantium,Alex Beregszaszi (@axic),Final
627,Whisper Specification,Vlad Gluhovsky <[email protected]>,Final
649,Metropolis Difficulty Bomb Delay and Block Reward Reduction,"Afri Schoedon (@5chdn), Vitalik Buterin (@vbuterin)",Final
658,Embedding transaction status code in receipts,Nick Johnson <[email protected]>,Final
681,URL Format for Transaction Requests,Daniel A. Nagy (@nagydani),Final
684,Revert creation in case of collision,"Vitalik Buterin (@vbuterin), Renan Rodrigues de Souza (@RenanSouza2)",Final
695,Create `eth_chainId` method for JSON-RPC,"Isaac Ardis <[email protected]>, Wei Tang (@sorpaas), Fan Torchz (@tcz001), Erik Marks (@rekmarks)",Final
706,DEVp2p snappy compression,Péter Szilágyi <[email protected]>,Final
712,Typed structured data hashing and signing,"Remco Bloemen (@Recmo), Leonid Logvinov (@LogvinovLeon), Jacob Evans (@dekz)",Final
721,Non-Fungible Token Standard,"William Entriken (@fulldecent), Dieter Shirley <[email protected]>, Jacob Evans <[email protected]>, Nastassia Sachs <[email protected]>",Final
747,wallet_watchAsset RPC Method,"Dan Finlay (@danfinlay), Esteban Mino (@estebanmino), Gavin John (@Pandapip1)",Final
777,Token Standard,"Jacques Dafflon <[email protected]>, Jordi Baylina <[email protected]>, Thomas Shababi <[email protected]>",Final
778,Ethereum Node Records (ENR),Felix Lange <[email protected]>,Final
779,Hardfork Meta: DAO Fork,Casey Detrio (@cdetrio),Final
820,Pseudo-introspection Registry Contract,"Jordi Baylina <[email protected]>, Jacques Dafflon <[email protected]>",Final
868,Node Discovery v4 ENR Extension,Felix Lange <[email protected]>,Final
1013,Hardfork Meta: Constantinople,Nick Savers (@nicksavers),Final
1014,Skinny CREATE2,Vitalik Buterin (@vbuterin),Final
1046,tokenURI Interoperability,"Tommy Nicholas (@tomasienrbc), Matt Russo (@mateosu), John Zettler (@JohnZettler), Matt Condon (@shrugs), Gavin John (@Pandapip1)",Final
1052,EXTCODEHASH opcode,"Nick Johnson <[email protected]>, Pawe? Bylica <[email protected]>",Final
1108,Reduce alt_bn128 precompile gas costs,"Antonio Salazar Cardozo (@shadowfiend), Zachary Williamson (@zac-williamson)",Final
1155,Multi Token Standard,"Witek Radomski <[email protected]>, Andrew Cooke <[email protected]>, Philippe Castonguay (@phabc) <[email protected]>, James Therien <[email protected]>, Eric Binet <[email protected]>, Ronan Sandford (@wighawag) <[email protected]>",Final
1167,Minimal Proxy Contract,"Peter Murray (@yarrumretep), Nate Welch (@flygoing), Joe Messerman (@JAMesserman)",Final
1193,Ethereum Provider JavaScript API,"Fabian Vogelsteller (@frozeman), Ryan Ghods (@ryanio), Victor Maia (@MaiaVictor), Marc Garreau (@marcgarreau), Erik Marks (@rekmarks)",Final
1234,Constantinople Difficulty Bomb Delay and Block Reward Adjustment,Afri Schoedon (@5chdn),Final
1271,Standard Signature Validation Method for Contracts,"Francisco Giordano (@frangio), Matt Condon (@shrugs), Philippe Castonguay (@PhABC), Amir Bandeali (@abandeali1), Jorge Izquierdo (@izqui), Bertrand Masius (@catageek)",Final
1283,Net gas metering for SSTORE without dirty maps,Wei Tang (@sorpaas),Final
1344,ChainID opcode,"Richard Meissner (@rmeissner), Bryant Eisenbach (@fubuloubu)",Final
1363,Payable Token,Vittorio Minacori (@vittominacori),Final
1559,Fee market change for ETH 1.0 chain,"Vitalik Buterin (@vbuterin), Eric Conner (@econoar), Rick Dudley (@AFDudley), Matthew Slipper (@mslipper), Ian Norden (@i-norden), Abdelhamid Bakhta (@abdelhamidbakhta)",Final
1679,Hardfork Meta: Istanbul,"Alex Beregszaszi (@axic), Afri Schoedon (@5chdn)",Final
1716,Hardfork Meta: Petersburg,"Afri Schoedon (@5chdn), Marius van der Wijden (@MariusVanDerWijden)",Final
1820,Pseudo-introspection Registry Contract,"Jordi Baylina <[email protected]>, Jacques Dafflon <[email protected]>",Final
1884,Repricing for trie-size-dependent opcodes,Martin Holst Swende (@holiman),Final
1967,Proxy Storage Slots,"Santiago Palladino (@spalladino), Francisco Giordano (@frangio), Hadrien Croubois (@Amxx)",Final
2028,Transaction data gas cost reduction,"Alexey Akhunov (@AlexeyAkhunov), Eli Ben Sasson <[email protected]>, Tom Brand <[email protected]>, Louis Guthmann <[email protected]>, Avihu Levy <[email protected]>",Final
2098,Compact Signature Representation,"Richard Moore (@ricmoo), Nick Johnson <[email protected]>",Final
2124,Fork identifier for chain compatibility checks,"Péter Szilágyi <[email protected]>, Felix Lange <[email protected]>",Final
2159,Common Prometheus Metrics Names for Clients,Adrian Sutton (@ajsutton),Final
2200,Structured Definitions for Net Gas Metering,Wei Tang (@sorpaas),Final
2228,Canonicalize the name of network ID 1 and chain ID 1,William Entriken (@fulldecent),Final
2255,Wallet Permissions System,"Dan Finlay (@danfinlay), Erik Marks (@rekmarks), Gavin John (@Pandapip1)",Final
2309,ERC-721 Consecutive Transfer Extension,Sean Papanikolas (@pizzarob),Final
2364,eth/64: forkid-extended protocol handshake,"Péter Szilágyi <[email protected]>, Péter Szilágyi (@karalabe), Tim Beiko (@timbeiko)",Final
2384,Muir Glacier Difficulty Bomb Delay,Eric Conner (@econoar),Final
2387,Hardfork Meta: Muir Glacier,James Hancock (@madeoftin),Final
2464,eth/65: transaction announcements and retrievals,"Péter Szilágyi <[email protected]>, Péter Szilágyi (@karalabe), Gary Rong <[email protected]>, Tim Beiko (@timbeiko)",Final
2481,eth/66 request identifier,Christoph Burgdorf (@cburgdorf),Final
2535,"Diamonds, Multi-Facet Proxy",Nick Mudge (@mudgen),Final
2565,ModExp Gas Cost,"Kelly Olson (@ineffectualproperty), Sean Gulley (@sean-sn), Simon Peffers (@simonatsn), Justin Drake (@justindrake), Dankrad Feist (@dankrad)",Final
2612,Permit Extension for EIP-20 Signed Approvals,Martin Lundfall (@Mrchico),Final
2678,Revised Ethereum Smart Contract Packaging Standard (EthPM v3),"g. nicholas d’andrea (@gnidan), Piper Merriam (@pipermerriam), Nick Gheorghita (@njgheorghita), Christian Reitwiessner (@chriseth), Ben Hauser (@iamdefinitelyahuman), Bryant Eisenbach (@fubuloubu)",Final
2681,Limit account nonce to 2^64-1,Alex Beregszaszi (@axic),Final
2696,JavaScript `request` method RPC transport,"Micah Zoltu (@MicahZoltu), Erik Marks (@rekmarks)",Final
2700,JavaScript Provider Event Emitter,"Micah Zoltu (@MicahZoltu), Erik Marks (@rekmarks)",Final
2718,Typed Transaction Envelope,Micah Zoltu (@MicahZoltu),Final
2771,Secure Protocol for Native Meta Transactions,"Ronan Sandford (@wighawag), Liraz Siri (@lirazsiri), Dror Tirosh (@drortirosh), Yoav Weiss (@yoavw), Alex Forshtat (@forshtat), Hadrien Croubois (@Amxx), Sachin Tomar (@tomarsachin2271), Patrick McCorry (@stonecoldpat), Nicolas Venturo (@nventuro), Fabian Vogelsteller (@frozeman), Gavin John (@Pandapip1)",Final
2929,Gas cost increases for state access opcodes,"Vitalik Buterin (@vbuterin), Martin Swende (@holiman)",Final
2930,Optional access lists,"Vitalik Buterin (@vbuterin), Martin Swende (@holiman)",Final
2976,Typed Transactions over Gossip,Micah Zoltu (@MicahZoltu),Final
2981,NFT Royalty Standard,"Zach Burks (@vexycats), James Morgan (@jamesmorgan), Blaine Malone (@blmalone), James Seibel (@seibelj)",Final
2982,Serenity Phase 0,"Danny Ryan (@djrtwo), Vitalik Buterin (@vbuterin)",Final
3156,Flash Loans,"Alberto Cuesta Cañada (@albertocuestacanada), Fiona Kobayashi (@fifikobayashi), fubuloubu (@fubuloubu), Austin Williams (@onewayfunction)",Final
3198,BASEFEE opcode,"Abdelhamid Bakhta (@abdelhamidbakhta), Vitalik Buterin (@vbuterin)",Final
3448,MetaProxy Standard,pinkiebell (@pinkiebell),Final
3475,Abstract Storage Bonds,"Yu Liu (@yuliu-debond), Varun Deshpande (@dr-chain), Cedric Ngakam (@drikssy), Dhruv Malik (@dhruvmalik007), Samuel Gwlanold Edoumou (@Edoumou), Toufic Batrice (@toufic0710)",Final
3525,Semi-Fungible Token,"Will Wang (@will42w), Mike Meng <[email protected]>, Yi Cai (@YeeTsai) <[email protected]>, Ryan Chow <[email protected]>, Zhongxin Wu (@Nerverwind), AlvisDu (@AlvisDu)",Final
3529,Reduction in refunds,"Vitalik Buterin (@vbuterin), Martin Swende (@holiman)",Final
3541,Reject new contract code starting with the 0xEF byte,"Alex Beregszaszi (@axic), Pawe? Bylica (@chfast), Andrei Maiboroda (@gumb0), Alexey Akhunov (@AlexeyAkhunov), Christian Reitwiessner (@chriseth), Martin Swende (@holiman)",Final
3554,Difficulty Bomb Delay to December 2021,James Hancock (@madeoftin),Final
3607,Reject transactions from senders with deployed code,"Dankrad Feist (@dankrad), Dmitry Khovratovich (@khovratovich), Marius van der Wijden (@MariusVanDerWijden)",Final
3651,Warm COINBASE,William Morriss (@wjmelements),Final
3668,CCIP Read: Secure offchain data retrieval,Nick Johnson (@arachnid),Final
3675,Upgrade consensus to Proof-of-Stake,"Mikhail Kalinin (@mkalinin), Danny Ryan (@djrtwo), Vitalik Buterin (@vbuterin)",Final
3855,PUSH0 instruction,"Alex Beregszaszi (@axic), Hugo De la cruz (@hugo-dc), Pawe? Bylica (@chfast)",Final
3860,Limit and meter initcode,"Martin Holst Swende (@holiman), Pawe? Bylica (@chfast), Alex Beregszaszi (@axic), Andrei Maiboroda (@gumb0)",Final
4345,Difficulty Bomb Delay to June 2022,"Tim Beiko (@timbeiko), James Hancock (@MadeOfTin), Thomas Jay Rush (@tjayrush)",Final
4399,Supplant DIFFICULTY opcode with PREVRANDAO,"Mikhail Kalinin (@mkalinin), Danny Ryan (@djrtwo)",Final
4400,EIP-721 Consumable Extension,"Daniel Ivanov (@Daniel-K-Ivanov), George Spasov (@Perseverance)",Final
4519,Non-Fungible Tokens Tied to Physical Assets,"Javier Arcenegui (@Hardblock-IMSE-CNM), Rosario Arjona (@RosarioArjona), Roberto Román <[email protected]>, Iluminada Baturone (@lumi2018)",Final
4626,Tokenized Vaults,"Joey Santoro (@joeysantoro), t11s (@transmissions11), Jet Jadeja (@JetJadeja), Alberto Cuesta Cañada (@alcueca), Señor Doggo (@fubuloubu)",Final
4736,Consensus Layer Withdrawal Protection,"Benjamin Chodroff (@benjaminchodroff), Jim McDonald (@mcdee)",Final
4804,Web3 URL to EVM Call Message Translation,"Qi Zhou (@qizhou), Chao Pi (@pichaoqkc), Sam Wilson (@SamWilsn)",Final
4834,Hierarchical Domains,Gavin John (@Pandapip1),Final
4895,Beacon chain push withdrawals as operations,"Alex Stokes (@ralexstokes), Danny Ryan (@djrtwo)",Final
4906,EIP-721 Metadata Update Extension,"Anders (@0xanders), Lance (@LanceSnow), Shrug <[email protected]>, Nathan <[email protected]>",Final
4907,"Rental NFT, an Extension of EIP-721","Anders (@0xanders), Lance (@LanceSnow), Shrug <[email protected]>",Final
4955,Vendor Metadata Extension for NFTs,Ignacio Mazzara (@nachomazzara),Final
5006,"Rental NFT, NFT User Extension","Lance (@LanceSnow), Anders (@0xanders), Shrug <[email protected]>",Final
5007,"Time NFT, ERC-721 Time Extension","Anders (@0xanders), Lance (@LanceSnow), Shrug <[email protected]>",Final
5023,Shareable Non-Fungible Token,"Jarno Marttila (@yaruno), Martin Moravek (@mmartinmo)",Final
5133,Delaying Difficulty Bomb to mid-September 2022,"Tomasz Kajetan Stanczak (@tkstanczak), Eric Marti Haynes (@ericmartihaynes), Josh Klopfenstein (@joshklop), Abhimanyu Nag (@AbhiMan1601)",Final
5169,Client Script URI for Token Contracts,"James (@JamesSmartCell), Weiwu (@weiwu-zhang)",Final
5192,Minimal Soulbound NFTs,"Tim Daubenschütz (@TimDaub), Anders (@0xanders)",Final
5219,Contract Resource Requests,Gavin John (@Pandapip1),Final
5267,Retrieval of EIP-712 domain,Francisco Giordano (@frangio),Final
5313,Light Contract Ownership,William Entriken (@fulldecent),Final
5375,NFT Author Information and Consent,"Samuele Marro (@samuelemarro), Luca Donno (@lucadonnoh)",Final
5380,ERC-721 Entitlement Extension,"Gavin John (@Pandapip1), Tim Daubenschütz (@TimDaub)",Final
5484,Consensual Soulbound Tokens,Buzz Cai (@buzzcai),Final
5489,NFT Hyperlink Extension,IronMan_CH (@coderfengyun),Final
5507,Refundable Tokens,"elie222 (@elie222), Gavin John (@Pandapip1)",Final
5528,Refundable Fungible Token,StartfundInc (@StartfundInc),Final
5570,Digital Receipt Non-Fungible Tokens,Sean Darcy (@darcys22),Final
5606,Multiverse NFTs,"Gaurang Torvekar (@gaurangtorvekar), Khemraj Adhawade (@akhemraj), Nikhil Asrani (@nikhilasrani)",Final
5615,ERC-1155 Supply Extension,Gavin John (@Pandapip1),Final
5646,Token State Fingerprint,Naim Ashhab (@ashhanai),Final
5679,Token Minting and Burning,Zainan Victor Zhou (@xinbenlv),Final
5732,Commit Interface,"Zainan Victor Zhou (@xinbenlv), Matt Stam (@mattstam)",Final
5749,The 'window.evmproviders' object,Kosala Hemachandra (@kvhnuke),Final
5750,General Extensibility for Method Behaviors,Zainan Victor Zhou (@xinbenlv),Final
5757,Process for Approving External Resources,Sam Wilson (@SamWilsn),Final
5773,Context-Dependent Multi-Asset Tokens,"Bruno Škvorc (@Swader), Cicada (@CicadaNCR), Steven Pineda (@steven2308), Stevan Bogosavljevic (@stevyhacker), Jan Turk (@ThunderDeliverer)",Final
6049,Deprecate SELFDESTRUCT,William Entriken (@fulldecent),Final
6059,Parent-Governed Nestable Non-Fungible Tokens,"Bruno Škvorc (@Swader), Cicada (@CicadaNCR), Steven Pineda (@steven2308), Stevan Bogosavljevic (@stevyhacker), Jan Turk (@ThunderDeliverer)",Final
6105,No Intermediary NFT Trading Protocol,"5660-eth (@5660-eth), Silvere Heraudeau (@lambdalf-dev), Martin McConnell (@offgridgecko), Abu <[email protected]>, Wizard Wang",Final
6147,"Guard of NFT/SBT, an Extension of ERC-721","5660-eth (@5660-eth), Wizard Wang",Final
6150,Hierarchical NFTs,"Keegan Lee (@keeganlee), msfew <[email protected]>, Kartin <[email protected]>, qizhou (@qizhou)",Final
6220,Composable NFTs utilizing Equippable Parts,"Bruno Škvorc (@Swader), Cicada (@CicadaNCR), Steven Pineda (@steven2308), Stevan Bogosavljevic (@stevyhacker), Jan Turk (@ThunderDeliverer)",Final
6454,Minimal Transferable NFT detection interface,"Bruno Škvorc (@Swader), Francesco Sullo (@sullof), Steven Pineda (@steven2308), Stevan Bogosavljevic (@stevyhacker), Jan Turk (@ThunderDeliverer)",Final
6672,Multi-redeemable NFTs,"RE:DREAMER Lab <[email protected]>, Archie Chang (@ArchieR7) <[email protected]>, Kai Yu (@chihkaiyu) <[email protected]>, Yonathan Randyanto (@Randyanto) <[email protected]>, Boyu Chu (@chuboyu) <[email protected]>, Boxi Li (@boxi79) <[email protected]>, Jason Cheng (@Jason0729) <[email protected]>",Final
1153,Transient storage opcodes,"Alexey Akhunov (@AlexeyAkhunov), Moody Salem (@moodysalem)",Last Call
1191,Add chain id to mixed-case checksum address encoding,Juliano Rizzo (@juli),Last Call
2135,"Consumable Interface (Tickets, etc)",Zainan Victor Zhou (@xinbenlv),Last Call
2266,Atomic Swap-based American Call Option Contract Standard,"Runchao Han <[email protected]>, Haoyu Lin <[email protected]>, Jiangshan Yu <[email protected]>",Last Call
3076,Slashing Protection Interchange Format,"Michael Sproul (@michaelsproul), Sacha Saint-Leger (@sachayves), Danny Ryan (@djrtwo)",Last Call
4910,Royalty Bearing NFTs,Andreas Freund (@Therecanbeonlyone1969),Last Call
5008,ERC-721 Nonce Extension,"Anders (@0xanders), Lance (@LanceSnow), Shrug <[email protected]>",Last Call
5202,Blueprint contract format,"Charles Cooper (@charles-cooper), Edward Amor (@skellet0r)",Last Call
5216,EIP-1155 Approval By Amount Extension,"Iván Mañús (@ivanmmurciaua), Juan Carlos Cantó (@EscuelaCryptoES)",Last Call
5496,Multi-privilege Management NFT Extension,Jeremy Z (@wnft),Last Call
6093,Custom errors for commonly-used tokens,"Ernesto García (@ernestognw), Francisco Giordano (@frangio), Hadrien Croubois (@Amxx)",Last Call
6381,Public Non-Fungible Token Emote Repository,"Bruno Škvorc (@Swader), Steven Pineda (@steven2308), Stevan Bogosavljevic (@stevyhacker), Jan Turk (@ThunderDeliverer)",Last Call
663,Unlimited SWAP and DUP instructions,Alex Beregszaszi (@axic),Review
1185,Storage of DNS Records in ENS,Jim McDonald (@mcdee),Review
1328,WalletConnect URI Format,"ligi (@ligi), Pedro Gomes (@pedrouid)",Review
1898,Add `blockHash` to defaultBlock methods,Charles Cooper (@charles-cooper),Review
2015,wallet_updateEthereumChain RPC Method,"Pedro Gomes (@pedrouid), Erik Marks (@rekmarks), Pandapip1 (@Pandapip1)",Review
2294,Explicit bound to Chain ID size,"Zainan Victor Zhou (@xinbenlv), Alex Beregszaszi (@axic)",Review
3074,AUTH and AUTHCALL opcodes,"Sam Wilson (@SamWilsn), Ansgar Dietrichs (@adietrichs), Matt Garnett (@lightclient), Micah Zoltu (@micahzoltu)",Review
3540,EOF - EVM Object Format v1,"Alex Beregszaszi (@axic), Pawe? Bylica (@chfast), Andrei Maiboroda (@gumb0), Matt Garnett (@lightclient)",Review
3561,Trust Minimized Upgradeability Proxy,Sam Porter (@SamPorter1984),Review
3670,EOF - Code Validation,"Alex Beregszaszi (@axic), Andrei Maiboroda (@gumb0), Pawe? Bylica (@chfast)",Review
3770,Chain-specific addresses,"Lukas Schor (@lukasschor), Richard Meissner (@rmeissner), Pedro Gomes (@pedrouid), ligi <[email protected]>",Review
4200,EOF - Static relative jumps,"Alex Beregszaszi (@axic), Andrei Maiboroda (@gumb0), Pawe? Bylica (@chfast)",Review
4361,Sign-In with Ethereum,"Wayne Chang (@wyc), Gregory Rocco (@obstropolos), Brantly Millegan (@brantlymillegan), Nick Johnson (@Arachnid)",Review
4527,QR Code transmission protocol for wallets,"Aaron Chen (@aaronisme), Sora Lee (@soralit), ligi (@ligi), Dan Miller (@danjm), AndreasGassmann (@andreasgassmann), xardass (@xardass), Lixin Liu (@BitcoinLixin)",Review
4750,EOF - Functions,"Andrei Maiboroda (@gumb0), Alex Beregszaszi (@axic), Pawe? Bylica (@chfast)",Review
4758,Deactivate SELFDESTRUCT,"Guillaume Ballet (@gballet), Vitalik Buterin (@vbuterin), Dankrad Feist (@dankrad)",Review
4844,Shard Blob Transactions,"Vitalik Buterin (@vbuterin), Dankrad Feist (@dankrad), Diederik Loerakker (@protolambda), George Kadianakis (@asn-d6), Matt Garnett (@lightclient), Mofi Taiwo (@Inphi), Ansgar Dietrichs (@adietrichs)",Review
4881,Deposit Contract Snapshot Interface,Mark Mackey (@ethDreamer),Review
4938,eth/67 - Removal of GetNodeData,"Marius van der Wijden (@MariusVanDerWijden), Felix Lange <[email protected]>, Gary Rong <[email protected]>",Review
4973,Account-bound Tokens,Tim Daubenschütz (@TimDaub),Review
4974,Ratings,Daniel Tedesco (@dtedesco1),Review
4987,Held token interface,Devin Conley (@devinaconley),Review
5005,Zodiac Modular Accounts,"Auryn Macmillan (@auryn-macmillan), Kei Kreutler (@keikreutler)",Review
5018,Filesystem-like Interface for Contracts,Qi Zhou (@qizhou),Review
5114,Soulbound Badge,Micah Zoltu (@MicahZoltu),Review
5164,Cross-Chain Execution,"Brendan Asselstine (@asselstine), Pierrick Turelier (@PierrickGT), Chris Whinfrey (@cwhinfrey)",Review
5252,Account-bound Finance,"Hyungsuk Kang (@hskang9), Viktor Pernjek (@smuxx)",Review
5269,EIP/ERC Detection and Discovery,Zainan Victor Zhou (@xinbenlv),Review
5289,Ethereum Notary Interface,Gavin John (@Pandapip1),Review
5298,ENS Trust to hold NFTs under ENS name,Zainan Victor Zhou (@xinbenlv),Review
5450,EOF - Stack Validation,"Andrei Maiboroda (@gumb0), Pawe? Bylica (@chfast), Alex Beregszaszi (@axic), Danno Ferrin (@shemnon)",Review
5516,Soulbound Multi-owner Tokens,"Lucas Martín Grasso Ramos (@LucasGrasso), Matias Arazi (@MatiArazi)",Review
5553,Representing IP and its Royalty Structure,Roy Osherove (@royosherove),Review
5568,Revert Reason for Required Actions,Gavin John (@Pandapip1),Review
5585,ERC-721 NFT Authorization,"Veega Labs (@VeegaLabsOfficial), Sean NG (@ngveega), Tiger (@tiger0x), Fred (@apan), Fov Cao (@fovcao)",Review
5604,NFT Lien,"Allen Zhou <[email protected]>, Alex Qin <[email protected]>, Zainan Victor Zhou (@xinbenlv)",Review
5625,NFT Metadata JSON Schema dStorage Extension,Gavin Fu (@gavfu),Review
5639,Delegation Registry,"foobar (@0xfoobar), Wilkins Chung (@wwhchung) <[email protected]>, ryley-o (@ryley-o), Jake Rockland (@jakerockland), andy8052 (@andy8052)",Review
5643,Subscription NFTs,cygaar (@cygaar),Review
5656,MCOPY - Memory copying instruction,"Alex Beregszaszi (@axic), Paul Dworzanski (@poemm), Jared Wasinger (@jwasinger), Casey Detrio (@cdetrio), Pawel Bylica (@chfast), Charles Cooper (@charles-cooper)",Review
5725,Transferable Vesting NFT,"Apeguru (@Apegurus), Marco De Vries <[email protected]>, Mario <[email protected]>, DeFiFoFum (@DeFiFoFum)",Review
5793,eth/68 - Add tx type to tx announcement,Marius van der Wijden (@MariusVanDerWijden),Review
5805,Voting with delegation,"Hadrien Croubois (@Amxx), Francisco Giordano (@frangio)",Review
5920,PAY opcode,"Gavin John (@Pandapip1), Zainan Victor Zhou (@xinbenlv)",Review
5982,Role-based Access Control,Zainan Victor Zhou (@xinbenlv),Review
6065,Real Estate Token,"Alex (@Alex-Klasma), Ben Fusek (@bfusek), Daniel Fallon-Cyr (@dfalloncyr)",Review
6066,Signature Validation Method for NFTs,Jack Boyuan Xu (@boyuanx),Review
6120,Universal Token Router,"Zergity (@Zergity), Ngo Quang Anh (@anhnq82), BerlinP (@BerlinP), Khanh Pham (@blackskin18)",Review
6122,Forkid checks based on timestamps,Marius van der Wijden (@MariusVanDerWijden),Review
6188,Nonce Cap,Gavin John (@Pandapip1),Review
6189,Alias Contracts,Gavin John (@Pandapip1),Review
6190,Verkle-compatible SELFDESTRUCT,Gavin John (@Pandapip1),Review
6239,Semantic Soulbound Tokens,Jessica Chang (@JessicaChg),Review
6357,Single-contract Multi-delegatecall,Gavin John (@Pandapip1),Review
6358,Cross-Chain Token States Synchronization,"Shawn Zheng (@xiyu1984), Jason Cheng <[email protected]>, George Huang (@virgil2019), Kay Lin (@kay404)",Review
6372,Contract clock,"Hadrien Croubois (@Amxx), Francisco Giordano (@frangio)",Review
6475,SSZ Optional,"Etan Kissling (@etan-status), Zahary Karadjov (@zah)",Review
6492,Signature Validation for Predeploy Contracts,"Ivo Georgiev (@Ivshti), Agustin Aguilar (@Agusx1211)",Review
6493,SSZ Transaction Signature Scheme,"Etan Kissling (@etan-status), Matt Garnett (@lightclient), Vitalik Buterin (@vbuterin)",Review
6808,Fungible Key Bound Token,"Mihai Onila (@MihaiORO), Nick Zeman (@NickZCZ), Narcis Cotaie (@NarcisCRO)",Review
6809,Non-Fungible Key Bound Token,"Mihai Onila (@MihaiORO), Nick Zeman (@NickZCZ), Narcis Cotaie (@NarcisCRO)",Review
6953,Network Upgrade Activation Triggers,Tim Beiko (@timbeiko),Review
6997,ERC-721 with transaction validation step.,Eduard López i Fina (@eduardfina),Review
223,223 Token with communication model,Dexaran (@Dexaran) <[email protected]>,Draft
725,General data key/value store and execution,"Fabian Vogelsteller (@frozeman), Tyler Yasaka (@tyleryasaka)",Draft
998,Composable Non-Fungible Token,"Matt Lockyer <[email protected]>, Nick Mudge <[email protected]>, Jordan Schalm <[email protected]>, sebastian echeverry <[email protected]>, Zainan Victor Zhou (@xinbenlv)",Draft
1202,Voting Interface,"Zainan Victor Zhou (@xinbenlv), Evan (@evbots), Yin Xu (@yingogobot)",Draft
1418,Blockchain Storage Rent Payment,William Entriken (@fulldecent),Draft
1459,Node Discovery via DNS,"Felix Lange (@fjl), Péter Szilágyi (@karalabe)",Draft
3102,Binary trie structure,"Guillaume Ballet (@gballet), Vitalik Buterin (@vbuterin)",Draft
3455,SUDO Opcode,"William Morriss (@wjmelements), Baptiste Vauthey (@thabaptiser)",Draft
4337,Account Abstraction Using Alt Mempool,"Vitalik Buterin (@vbuterin), Yoav Weiss (@yoavw), Kristof Gazso (@kristofgazso), Namra Patel (@namrapatel), Dror Tirosh (@drortirosh), Shahaf Nacson (@shahafn), Tjaden Hess (@tjade273)",Draft
4393,Micropayments for NFTs and Multi Tokens,Jules Lai (@julesl23),Draft
4494,Permit for ERC-721 NFTs,"Simon Fremaux (@dievardump), William Schwab (@wschwab)",Draft
4675,Multi-Fractional Non-Fungible Tokens,David Kim (@powerstream3604),Draft
4788,Beacon block root in the EVM,"Alex Stokes (@ralexstokes), Ansgar Dietrichs (@adietrichs), Danny Ryan (@djrtwo)",Draft
4824,Common Interfaces for DAOs,"Joshua Tan (@thelastjosh), Isaac Patka (@ipatka), Ido Gershtein <[email protected]>, Eyal Eithcowich <[email protected]>, Michael Zargham (@mzargham), Sam Furter (@nivida)",Draft
4883,Composable SVG NFT,"Andrew B Coathup (@abcoathup), Alex (@AlexPartyPanda), Damian Martinelli (@damianmarti), blockdev (@0xbok), Austin Griffith (@austintgriffith)",Draft
4944,Contract with Exactly One Non-fungible Token,"Víctor Muñoz (@victormunoz), Josep Lluis de la Rosa (@peplluis7), Andres El-Fakdi (@Bluezfish)",Draft
4950,Entangled Tokens,"Víctor Muñoz (@victormunoz), Josep Lluis de la Rosa (@peplluis7), Easy Innova (@easyinnova)",Draft
4972,Name-Owned Account,"Shu Dong (@dongshu2013), Qi Zhou (@qizhou), Zihao Chen (@zihaoccc)",Draft
5000,MULDIV instruction,"Harikrishnan Mulackal (@hrkrshnn), Alex Beregszaszi (@axic), Pawe? Bylica (@chfast)",Draft
5027,Remove the limit on contract code size,Qi Zhou (@qizhou),Draft
5058,Lockable Non-Fungible Tokens,"Tyler (@radiocaca), Alex (@gojazdev), John (@sfumato00)",Draft
5081,Expirable Trainsaction,"Zainan Victor Zhou (@xinbenlv), Nick Johnson (@Arachnid), Konrad Feldmeier <[email protected]>",Draft
5115,SY Token,"Vu Nguyen (@mrenoon), Long Vuong (@UncleGrandpa925), Anton Buenavista (@ayobuenavista)",Draft
5139,Remote Procedure Call Provider Lists,Sam Wilson (@SamWilsn),Draft
5173,NFT Future Rewards (nFR),"Yale ReiSoleil (@longnshort), dRadiant (@dRadiant), D Wang, PhD <[email protected]>",Draft
5187,Extend EIP-1155 with rentable usage rights,DerivStudio (@DerivStudio),Draft
5218,NFT Rights Management,"James Grimmelmann (@grimmelm), Yan Ji (@iseriohn), Tyler Kell (@relyt29)",Draft
5247,Smart Contract Executable Proposal Interface,Zainan Victor Zhou (@xinbenlv),Draft
5334,EIP-721 User And Expires And Level Extension,Yan (@yan253319066),Draft
5437,Security Contact Interface,Zainan Zhou (@xinbenlv),Draft
5453,Endorsement - Permit for Any Functions,Zainan Victor Zhou (@xinbenlv),Draft
5485,"Legitimacy, Jurisdiction and Sovereignty",Zainan Victor Zhou (@xinbenlv),Draft
5501,Rental & Delegation NFT - EIP-721 Extension,"Jan Smrža (@smrza), David Rábel (@rabeles11), Tomáš Jan?a <[email protected]>, Jan Bureš (@JohnyX89), DOBBYLABS (@DOBBYLABS)",Draft
5521,Referable NFT,"Saber Yu (@OniReimu), Qin Wang <[email protected]>, Shange Fu <[email protected]>, Shiping Chen <[email protected]>, Sherry Xu <[email protected]>, Jiangshan Yu <[email protected]>",Draft
5539,Revocation List Registry,"Philipp Bolte (@strumswell), Lauritz Leifermann (@lleifermann), Dennis von der Bey (@DennisVonDerBey)",Draft
5554,"NFT Legal Use, Repurposing, and Remixing","Isaac Patka (@ipatka), COALA Licensing Taskforce <[email protected]>",Draft
5564,Stealth Addresses,"Toni Wahrstätter (@nerolation), Matt Solomon (@mds1), Ben DiFrancesco (@apbendi), Vitalik Buterin (@vbuterin)",Draft
5573,"Sign-In with Ethereum Capabilities, ReCaps","Oliver Terbu (@awoie), Jacob Ward (@cobward), Charles Lehner (@clehner), Sam Gbafa (@skgbafa), Wayne Chang (@wyc), Charles Cunningham (@chunningham)",Draft
5593,Restrict Ethereum Provider API Injection,"Yan Zhu (@diracdeltas), Brian R. Bondy (@bbondy), Andrea Brancaleoni (@thypon), Kyle Den Hartog (@kdenhartog)",Draft
5630,New approach for encryption / decryption,"Firn Protocol (@firnprotocol), Fried L. Trout, Weiji Guo (@weijiguo)",Draft
5635,NFT Licensing Agreements,"Timi (@0xTimi), 0xTriple7 (@ysqi)",Draft
5700,Bindable Token Interface,Leeren (@leeren),Draft
5719,Signature replacement interface,Agustin Aguilar (@Agusx1211),Draft
5727,Semi-Fungible Soulbound Token,"Austin Zhu (@AustinZhu), Terry Chen <[email protected]>",Draft
5744,Latent Fungible Token,"Cozy Finance (@cozyfinance), Tony Sheng (@tonysheng), Matt Solomon (@mds1), David Laprade (@davidlaprade), Payom Dousti (@payomdousti), Chad Fleming (@chad-js), Franz Chen (@Dendrimer)",Draft
5753,Lockable Extension for EIP-721,Filipp Makarov (@filmakarov),Draft
5791,Physical Backed Tokens,"2pmflow (@2pmflow), locationtba (@locationtba), Cameron Robertson (@ccamrobertson), cygaar (@cygaar)",Draft
5792,Wallet Function Call API,Moody Salem (@moodysalem),Draft
5806,Delegate transaction,Hadrien Croubois (@Amxx),Draft
5827,Auto-renewable allowance extension,"zlace (@zlace0x), zhongfu (@zhongfu), edison0xyz (@edison0xyz)",Draft
5850,Complex Numbers stored in `bytes32` types,Paul Edge (@genkifs),Draft
5851,On-Chain Verifiable Credentials,"Yu Liu (@yuliu-debond), Junyi Zhong (@Jooeys)",Draft
5883,Token Transfer by Social Recovery,"Erhard Dinhobl (@mrqc), Kevin Riedl (@wsdt)",Draft
5902,Smart Contract Event Hooks,Simon Brown (@orbmis),Draft
5988,Add Poseidon hash function precompile,"Abdelhamid Bakhta (@abdelhamidbakhta), Eli Ben Sasson (@Elistark), Avihu Levy (@avihu28), David Levit Gurevich (@DavidLevitGurevich)",Draft
6046,Replace SELFDESTRUCT with DEACTIVATE,Alex Beregszaszi (@axic),Draft
6047,ERC-721 Balance indexing via Transfer event,Zainan Victor Zhou (@xinbenlv),Draft
6051,Private Key Encapsulation,"Base Labs (@Base-Labs), Weiji Guo (@weiji-cryptonatty)",Draft
6110,Supply validator deposits on chain,"Mikhail Kalinin (@mkalinin), Danny Ryan (@djrtwo)",Draft
6123,Smart Derivative Contract,"Christian Fries (@cfries), Peter Kohl-Landgraf (@pekola), Alexandros Korpis (@kourouta)",Draft
6170,Cross-Chain Messaging Interface,Sujith Somraaj (@sujithsomraaj),Draft
6206,EOF - JUMPF instruction,"Andrei Maiboroda (@gumb0), Alex Beregszaszi (@axic), Pawe? Bylica (@chfast), Matt Garnett (@lightclient)",Draft
6224,Contracts Dependencies Registry,Artem Chystiakov (@arvolear),Draft
6268,Untransferability Indicator for EIP-1155,Yuki Aoki (@yuki-js),Draft
6315,ERC-2771 Account Abstraction,Gavin John (@Pandapip1),Draft
6327,Elastic Signature,George (@JXRow),Draft
6353,Charity token,"Aubay <[email protected]>, BOCA Jeabby (@bjeabby1507), EL MERSHATI Laith (@lth-elm), KEMP Elia (@eliakemp)",Draft
6366,Permission Token,"Chiro (@chiro-hiro), Victor Dusart (@vdusart)",Draft
6384,Human-readable offline signatures,"Tal Be'ery <[email protected]>, RoiV (@DeVaz1)",Draft
6404,SSZ Transactions Root,"Etan Kissling (@etan-status), Vitalik Buterin (@vbuterin)",Draft
6464,"Multi-operator, per-token ERC-721 approvals.","Cristian Espinoza (@crisgarner), Simon Fremaux (@dievardump), David Huber (@cxkoda), and Arran Schlosberg (@aschlosberg)",Draft
6465,SSZ Withdrawals Root,"Etan Kissling (@etan-status), Mikhail Kalinin (@mkalinin)",Draft
6466,SSZ Receipts Root,"Etan Kissling (@etan-status), Vitalik Buterin (@vbuterin)",Draft
6506,P2P Escrowed Governance Incentives,Josh Weintraub (@jhweintraub),Draft
6538,Stealth Meta-Address Registry,"Matt Solomon (@mds1), Toni Wahrstätter (@nerolation), Ben DiFrancesco (@apbendi), Vitalik Buterin (@vbuterin)",Draft
6551,Non-fungible Token Bound Accounts,"Jayden Windle (@jaydenwindle), Benny Giang <[email protected]>, Steve Jang, Druzy Downs (@druzydowns), Raymond Huynh (@huynhr), Alanah Lam <[email protected]>, Wilkins Chung (@wwhchung) <[email protected]>, Paul Sullivan (@sullivph) <[email protected]>",Draft
6596,Historical Asset Metadata JSON Schema,"Phillip Pon <[email protected]>, Gary Liu <[email protected]>, Henry Chan <[email protected]>, Joey Liu <[email protected]>, Lauren Ho <[email protected]>, Jeff Leung <[email protected]>, Yvan Fatal <[email protected]>, Brian Liang <[email protected]>, Seungyong Moon <[email protected]>, Joyce Li <[email protected]>, Phoebe Kwok <[email protected]>, Avir Mahtani <[email protected]>, Zeon Chan <[email protected]>, Antoine Cote <[email protected]>, David Leung (@dhl)",Draft
6617,Bit Based Permission,"Chiro (@chiro-hiro), Victor Dusart (@vdusart)",Draft
6662,AA Account Metadata For Authentication,"Shu Dong (@dongshu2013), Zihao Chen (@zihaoccc), Peter Chen (@pette1999)",Draft
6780,SELFDESTRUCT only in same transaction,"Guillaume Ballet (@gballet), Vitalik Buterin (@vbuterin), Dankrad Feist (@dankrad)",Draft
6785,ERC-721 Utilities Information Extension,"Otniel Nicola (@OT-kthd), Bogdan Popa (@BogdanKTHD)",Draft
6786,Registry for royalties payment for NFTs,"Otniel Nicola (@OT-kthd), Bogdan Popa (@BogdanKTHD)",Draft
6787,Order Book DEX with Two Phase Withdrawal,"Jessica (@qizheng09), Roy (@royshang), Jun (@SniperUsopp)",Draft
6789,Rename gas to mana,Pascal Caversaccio (@pcaversaccio),Draft
6806,ERC-721 Holding Time Tracking,"Saitama (@saitama2009), Combo <[email protected]>, Luigi <[email protected]>",Draft
6810,Ex Post Facto Cascading Revert,William Morriss (@wjmelements),Draft
6811,To The Moon—10 Minute Blocks,Pandapip1 (@Pandapip1),Draft
6821,Support ENS Name for Web3 URL,"Qi Zhou (@qizhou), Qiang Zhu (@qzhodl)",Draft
6823,Token Mapping Slot Retrieval Extension,qdqd (@qd-qd) <[email protected]>,Draft
6865,On-Chain EIP-712 Visualization,Abderrahmen Hanafi (@a6-dou),Draft
6888,Math checking in EVM,Renan Rodrigues de Souza (@RenanSouza2),Draft
6900,Modular Smart Contract Accounts and Plugins,"Adam Egyed (@adamegyed), Fangting Liu (@trinity-0111)",Draft
6909,Minimal Multi-Token Interface,Joshua Trujillo (@jtriley),Draft
6913,SETCODE instruction,William Morriss (@wjmelements),Draft
6944,ERC-5219 Resolve Mode,"Gavin John (@Pandapip1), Qi Zhou (@qizhou)",Draft
6956,Asset-bound Non-Fungible Tokens,"Thomas Bergmueller (@tbergmueller), Lukas Meyer (@ibex-technology)",Draft
6960,Dual Layer Token,"Adam Boudjemaa (@aboudjem), Mohamad Hammoud (@mohamadhammoud), Nawar Hisso (@nawar-hisso), Khawla Hassan (@khawlahssn), Mohammad Zakeri Rad (@zakrad), Ashish Sood <[email protected]>",Draft
6963,Multi Injected Provider Discovery,"Pedro Gomes (@pedrouid), Kosala Hemachandra (@kvhnuke), Richard Moore (@ricmoo), Gregory Markou (@GregTheGreek), Kyle Den Hartog (@kdenhartog), Glitch (@glitch-txs), Jake Moxey (@jxom), Pierre Bertet (@bpierre), Darryl Yeo (@darrylyeo), Yaroslav Sergievsky (@everdimension)",Draft
6968,Contract Secured Revenue on an EVM based L2,"Zak Cole <[email protected]>, Zak Cole (@zscole), Kevin Owocki <[email protected]>, Lightclient <[email protected]>",Draft
6981,Reserved Ownership Accounts,"Paul Sullivan (@sullivph) <[email protected]>, Wilkins Chung (@wwchung) <[email protected]>, Kartik Patel (@Slokh) <[email protected]>",Draft
6982,Efficient Default Lockable Tokens,"Francesco Sullo (@sullof), Alexe Spataru (@urataps)",Draft
6988,Elected block proposer has not been slashed,Mikhail Kalinin (@mkalinin),Draft
7007,Zero-Knowledge AI-Generated Content Token,"Cathie So (@socathie), Xiaohang Yu (@xhyumiracle), Huaizhe Xu (@HuaizheXu), Kartin <[email protected]>",Draft
7015,NFT Creator Attribution,Carlos Flores (@strollinghome),Draft
7045,Increase max attestation inclusion slot,Danny Ryan (@djrtwo),Draft
7053,Interoperable Digital Media Indexing,"Bofu Chen (@bafu), Tammy Yang (@tammyyang)",Draft
7069,Revamped CALL instructions,"Alex Beregszaszi (@axic), Pawe? Bylica (@chfast), Danno Ferrin (@shemnon), Andrei Maiboroda (@gumb0)",Draft
86,Abstraction of transaction origin and signature,Vitalik Buterin (@vbuterin),Stagnant
101,Serenity Currency and Crypto Abstraction,Vitalik Buterin (@vbuterin),Stagnant
107,"safe ""eth_sendTransaction"" authorization via html popup",Ronan Sandford (@wighawag),Stagnant
205,ENS support for contract ABIs,Nick Johnson <[email protected]>,Stagnant
210,Blockhash refactoring,Vitalik Buterin (@vbuterin),Stagnant
233,Formal process of hard forks,Alex Beregszaszi (@axic),Stagnant
615,Subroutines and Static Jumps for the EVM,"Greg Colvin <[email protected]>, Brooklyn Zelenka (@expede), Pawe? Bylica (@chfast), Christian Reitwiessner (@chriseth)",Stagnant
616,SIMD Operations for the EVM,Greg Colvin <[email protected]>,Stagnant
634,Storage of text records in ENS,Richard Moore (@ricmoo),Stagnant
665,Add precompiled contract for Ed25519 signature verification,Tobias Oberstein <[email protected]>,Stagnant
689,Address Collision of Contract Address Causes Exceptional Halt,Yoichi Hirai <[email protected]>,Stagnant
698,OPCODE 0x46 BLOCKREWARD,Cody Burns <[email protected]>,Stagnant
758,Subscriptions and filters for completed transactions,Jack Peterson <[email protected]>,Stagnant
801,Canary Standard,ligi <[email protected]>,Stagnant
823,Token Exchange Standard,Kashish Khullar <[email protected]>,Stagnant
831,URI Format for Ethereum,ligi (@ligi),Stagnant
858,Reduce block reward and delay difficulty bomb,Carl Larson <[email protected]>,Stagnant
867,Standardized Ethereum Recovery Proposals,"Dan Phifer <[email protected]>, James Levy <[email protected]>, Reuben Youngblom <[email protected]>",Stagnant
884,DGCL Token,Dave Sag <[email protected]>,Stagnant
897,DelegateProxy,"Jorge Izquierdo <[email protected]>, Manuel Araoz <[email protected]>",Stagnant
900,Simple Staking Interface,"Dean Eigenmann <[email protected]>, Jorge Izquierdo <[email protected]>",Stagnant
902,Token Validation,"Brooklyn Zelenka (@expede), Tom Carchrae (@carchrae), Gleb Naumenko (@naumenkogs)",Stagnant
918,Mineable Token Standard,"Jay Logelin <[email protected]>, Infernal_toast <[email protected]>, Michael Seiler <[email protected]>, Brandon Grill <[email protected]>",Stagnant
926,Address metadata registry,Nick Johnson <[email protected]>,Stagnant
927,Generalised authorisations,Nick Johnson <[email protected]>,Stagnant
969,Modifications to ethash to invalidate existing dedicated hardware implementations,David Stanfill <[email protected]>,Stagnant
1010,Uniformity Between 0xAb5801a7D398351b8bE11C439e05C5B3259aeC9B and 0x15E55EF43efA8348dDaeAa455F16C43B64917e3c,Anderson Wesley (@andywesley),Stagnant
1011,Hybrid Casper FFG,"Danny Ryan (@djrtwo), Chih-Cheng Liang (@ChihChengLiang)",Stagnant
1015,Configurable On Chain Issuance,Alex Van de Sande <[email protected]>,Stagnant
1051,Overflow checking for the EVM,Nick Johnson <[email protected]>,Stagnant
1056,Ethereum Lightweight Identity,"Pelle Braendgaard <[email protected]>, Joel Torstensson <[email protected]>",Stagnant
1057,"ProgPoW, a Programmatic Proof-of-Work","Greg Colvin <[email protected]>, Andrea Lanfranchi (@AndreaLanfranchi), Michael Carter (@bitsbetrippin), IfDefElse <[email protected]>",Stagnant
1062,Formalize IPFS hash into ENS(Ethereum Name Service) resolver,"Phyrex Tsai <[email protected]>, Portal Network Team",Stagnant
1066,Status Codes,"Brooklyn Zelenka (@expede), Tom Carchrae (@carchrae), Gleb Naumenko (@naumenkogs)",Stagnant
1077,Gas relay for contract calls,"Alex Van de Sande <[email protected]>, Ricardo Guilherme Schmidt (@3esmit)",Stagnant
1078,Universal login / signup using ENS subdomains,Alex Van de Sande <[email protected]>,Stagnant
1080,Recoverable Token,Bradley Leatherwood <[email protected]>,Stagnant
1081,Standard Bounties,"Mark Beylin <[email protected]>, Kevin Owocki <[email protected]>, Ricardo Guilherme Schmidt (@3esmit)",Stagnant
1087,Net gas metering for SSTORE operations,Nick Johnson (@arachnid),Stagnant
1102,Opt-in account exposure,"Paul Bouchon <[email protected]>, Erik Marks (@rekmarks)",Stagnant
1109,PRECOMPILEDCALL opcode (Remove CALL costs for precompiled contracts),Jordi Baylina (@jbaylina),Stagnant
1129,Standardised DAPP announcements,Jan Turk (@ThunderDeliverer),Stagnant
1132,Extending ERC20 with token locking capability,nitika-goel <[email protected]>,Stagnant
1175,Wallet & shop standard for all tokens (erc20),Jet Lim (@Nitro888),Stagnant
1178,Multi-class Token Standard,Albert Chon <[email protected]>,Stagnant
1186,RPC-Method to get Merkle Proofs - eth_getProof,"Simon Jentzsch <[email protected]>, Christoph Jentzsch <[email protected]>",Stagnant
1203,ERC-1203 Multi-Class Token Standard (ERC-20 Extension),"Jeff Huang <[email protected]>, Min Zu <[email protected]>",Stagnant
1207,DAuth Access Delegation Standard,"Xiaoyu Wang (@wxygeek), Bicong Wang (@Wangbicong)",Stagnant
1227,Defuse Difficulty Bomb and Reset Block Reward,SmeargleUsedFly (@SmeargleUsedFly),Stagnant
1261,Membership Verification Token (MVT),"Chaitanya Potti (@chaitanyapotti), Partha Bhattacharya (@pb25193)",Stagnant
1276,Eliminate Difficulty Bomb and Adjust Block Reward on Constantinople Shift,EOS Classic (@eosclassicteam),Stagnant
1285,Increase Gcallstipend gas in the CALL opcode,"Ben Kaufman <[email protected]>, Adam Levi <[email protected]>",Stagnant
1295,Modify Ethereum PoW Incentive Structure and Delay Difficulty Bomb,Brian Venturo (@atlanticcrypto),Stagnant
1319,Smart Contract Package Registry Interface,"Piper Merriam <[email protected]>, Christopher Gewecke <[email protected]>, g. nicholas d'andrea <[email protected]>, Nick Gheorghita (@njgheorghita)",Stagnant
1337,Subscriptions on the blockchain,"Kevin Owocki <[email protected]>, Andrew Redden <[email protected]>, Scott Burke <[email protected]>, Kevin Seagraves <[email protected]>, Luka Kacil <[email protected]>, Štefan Šimec <[email protected]>, Piotr Kosi?ski (@kosecki123), ankit raj <[email protected]>, John Griffin <[email protected]>, Nathan Creswell <[email protected]>",Stagnant
1352,Specify restricted address range for precompiles/system contracts,Alex Beregszaszi (@axic),Stagnant
1380,Reduced gas cost for call to self,"Alex Beregszaszi (@axic), Jacques Wagener (@jacqueswww)",Stagnant
1386,Attestation management contract,"Weiwu Zhang <[email protected]>, James Sangalli <[email protected]>",Stagnant
1387,Merkle Tree Attestations with Privacy enabled,"Weiwu Zhang <[email protected]>, James Sangalli <[email protected]>",Stagnant
1388,Attestation Issuers Management List,"Weiwu Zhang <[email protected]>, James Sangalli <[email protected]>",Stagnant
1417,Poll Standard,"Chaitanya Potti (@chaitanyapotti), Partha Bhattacharya (@pb25193)",Stagnant
1438,dApp Components (avatar) & Universal Wallet,Jet Lim (@Nitro888),Stagnant
1444,Localized Messaging with Signal-to-Text,"Brooklyn Zelenka (@expede), Jennifer Cooper (@jenncoop)",Stagnant
1450,ERC-1450 A compatible security token for issuing and trading SEC-compliant securities,"John Shiple (@johnshiple), Howard Marks <[email protected]>, David Zhang <[email protected]>",Stagnant
1462,Base Security Token,"Maxim Kupriianov <[email protected]>, Julian Svirsky <[email protected]>",Stagnant
1470,Smart Contract Weakness Classification (SWC),Gerhard Wagner (@thec00n),Stagnant
1474,Remote procedure call specification,"Paul Bouchon <[email protected]>, Erik Marks (@rekmarks)",Stagnant
1482,Define a maximum block timestamp drift,Maurelian (@Maurelian),Stagnant
1484,Digital Identity Aggregator,"Anurag Angara <[email protected]>, Andy Chorlian <[email protected]>, Shane Hampton <[email protected]>, Noah Zinsmeister <[email protected]>",Stagnant
1485,TEthashV1,"trustfarm <[email protected]>, trustfarm <[email protected]>",Stagnant
1491,Human Cost Accounting Standard (Like Gas but for humans),Iamnot Chris (@cohabo),Stagnant
1504,Upgradable Smart Contract,"Kaidong Wu <[email protected]>, Chuqiao Ren <[email protected]>, Ruthia He <[email protected]>, Yun Ma <[email protected]>, Xuanzhe Liu <[email protected]>",Stagnant
1523,Standard for Insurance Policies as ERC-721 Non Fungible Tokens,Christoph Mussenbrock (@christoph2806),Stagnant
1571,EthereumStratum/2.0.0,"Andrea Lanfranchi (@AndreaLanfranchi), Pawel Bylica (@chfast), Marius Van Der Wijden (@MariusVanDerWijden)",Stagnant
1577,contenthash field for ENS,"Dean Eigenmann <[email protected]>, Nick Johnson <[email protected].domains>",Stagnant
1581,Non-wallet usage of keys derived from BIP-32 trees,Michele Balistreri (@bitgamma),Stagnant
1588,Hardfork Meta: Ethereum ProgPoW,Ikmyeong Na (@naikmyeong),Stagnant
1592,Address and ERC20-compliant transfer rules,"Cyril Lapinte <[email protected]>, Laurent Aapro <[email protected]>",Stagnant
1613,Gas stations network,"Yoav Weiss <[email protected]>, Dror Tirosh <[email protected]>, Alex Forshtat <[email protected]>",Stagnant
1616,Attribute Registry Standard,"0age (@0age), Santiago Palladino (@spalladino), Leo Arias (@elopio), Alejo Salles (@fiiiu), Stephane Gosselin (@thegostep)",Stagnant
1620,Money Streaming,Paul Berg (@PaulRBerg),Stagnant
1633,Re-Fungible Token Standard (RFT),"Billy Rennekamp (@okwme), Dan Long <[email protected]>, Kiryl Yermakou <[email protected]>, Nate van der Ende <[email protected]>",Stagnant
1681,Temporal Replay Protection,Martin Holst Swende (@holiman),Stagnant
1702,Generalized Account Versioning Scheme,Wei Tang (@sorpaas),Stagnant
1710,URL Format for Web3 Browsers,Bruno Barbieri (@brunobar79),Stagnant
1753,Smart Contract Interface for Licences,"Lucas Cullen (@BitcoinBrisbane), Kai Yeung (@CivicKai), Anna Crowley <[email protected]>, Caroline Marshall <[email protected]>, Katrina Donaghy <[email protected]>",Stagnant
1761,Scoped Approval Interface,"Witek Radomski <[email protected]>, Andrew Cooke <[email protected]>, James Therien <[email protected]>, Eric Binet <[email protected]>",Stagnant
1767,GraphQL interface to Ethereum node data,"Nick Johnson (@arachnid), Raúl Kripalani (@raulk), Kris Shinn (@kshinn)",Stagnant
1775,"App Keys, application specific wallet accounts","Vincent Eli (@Bunjin), Dan Finlay (@DanFinlay)",Stagnant
1803,Rename opcodes for clarity,Alex Beregszaszi (@axic),Stagnant
1812,Ethereum Verifiable Claims,Pelle Braendgaard (@pelle),Stagnant
1822,Universal Upgradeable Proxy Standard (UUPS),"Gabriel Barros <[email protected]>, Patrick Gallagher <[email protected]>",Stagnant
1829,Precompile for Elliptic Curve Linear Combinations,Remco Bloemen <[email protected]>,Stagnant
1844,ENS Interface Discovery,Nick Johnson (@arachnid),Stagnant
1872,Ethereum Network Upgrade Windows,Danno Ferrin (@shemnon),Stagnant
1895,Support for an Elliptic Curve Cycle,Alexandre Belling <[email protected]>,Stagnant
1900,dType - Decentralized Type System for EVM,"Loredana Cirstea (@loredanacirstea), Christian Tzurcanu (@ctzurcanu)",Stagnant
1901,Add OpenRPC Service Discovery To JSON-RPC Services,"Shane Jonas (@shanejonas), Zachary Belford (@belfordz)",Stagnant
1921,dType Functions Extension,"Loredana Cirstea (@loredanacirstea), Christian Tzurcanu (@ctzurcanu)",Stagnant
1922,zk-SNARK Verifier Standard,"Michael Connor <[email protected]>, Chaitanya Konda <[email protected]>, Duncan Westland <[email protected]>",Stagnant
1923,zk-SNARK Verifier Registry Standard,"Michael Connor <[email protected]>, Chaitanya Konda <[email protected]>, Duncan Westland <[email protected]>",Stagnant
1930,CALLs with strict gas semantic. Revert if not enough gas available.,Ronan Sandford (@wighawag),Stagnant
1948,Non-fungible Data Token,"Johann Barbie (@johannbarbie), Ben Bollen <[email protected]>, pinkiebell (@pinkiebell)",Stagnant
1959,New Opcode to check if a chainID is part of the history of chainIDs,Ronan Sandford (@wighawag),Stagnant
1962,EC arithmetic and pairings with runtime definitions,Alex Vlasov (@shamatar),Stagnant
1965,Method to check if a chainID is valid at a specific block Number,Ronan Sandford (@wighawag),Stagnant
1973,Scalable Rewards,"Lee Raj (@lerajk), Qin Jian (@qinjian)",Stagnant
1985,Sane limits for certain EVM parameters,"Alex Beregszaszi (@axic), Pawe? Bylica (@chfast)",Stagnant
1996,Holdable Token,"Julio Faura <[email protected]>, Fernando Paris <[email protected]>, Daniel Lehrner <[email protected]>",Stagnant
2003,EVMC modules for implementations of precompiled contracts,"Pawe? Bylica (@chfast), Alex Beregszaszi (@axic)",Stagnant
2009,Compliance Service,Daniel Lehrner <[email protected]>,Stagnant
2014,Extended State Oracle,Alex Beregszaszi (@axic),Stagnant
2018,Clearable Token,"Julio Faura <[email protected]>, Fernando Paris <[email protected]>, Daniel Lehrner <[email protected]>",Stagnant
2019,Fundable Token,"Fernando Paris <[email protected]>, Julio Faura <[email protected]>, Daniel Lehrner <[email protected]>",Stagnant
2020,E-Money Standard Token,"Julio Faura <[email protected]>, Fernando Paris <[email protected]>, Daniel Lehrner <[email protected]>",Stagnant
2021,Payoutable Token,"Fernando Paris <[email protected]>, Julio Faura <[email protected]>, Daniel Lehrner <[email protected]>",Stagnant
2026,State Rent H - Fixed Prepayment for accounts,Alexey Akhunov (@AlexeyAkhunov),Stagnant
2027,State Rent C - Net contract size accounting,Alexey Akhunov (@AlexeyAkhunov),Stagnant
2029,State Rent A - State counters contract,Alexey Akhunov (@AlexeyAkhunov),Stagnant
2031,State Rent B - Net transaction counter,Alexey Akhunov (@AlexeyAkhunov),Stagnant
2035,Stateless Clients - Repricing SLOAD and SSTORE to pay for block proofs,Alexey Akhunov (@AlexeyAkhunov),Stagnant
2045,Particle gas costs for EVM opcodes,"Casey Detrio (@cdetrio), Alex Beregszaszi (@axic)",Stagnant
2046,Reduced gas cost for static calls made to precompiles,Alex Beregszaszi (@axic),Stagnant
2069,Recommendation for using YAML ABI in ERCs/EIPs,Alex Beregszaszi (@axic),Stagnant
2070,Hardfork Meta: Berlin,Alex Beregszaszi (@axic),Stagnant
2157,dType Storage Extension - Decentralized Type System for EVM,"Loredana Cirstea (@loredanacirstea), Christian Tzurcanu (@ctzurcanu)",Stagnant
2193,dType Alias Extension - Decentralized Type System,"Loredana Cirstea (@loredanacirstea), Christian Tzurcanu (@ctzurcanu)",Stagnant
2242,Transaction Postdata,John Adler (@adlerjohn),Stagnant
2256,wallet_getOwnedAssets JSON-RPC Method,Loredana Cirstea (@loredanacirstea),Stagnant
2304,Multichain address resolution for ENS,Nick Johnson <[email protected]>,Stagnant
2327,BEGINDATA opcode,Martin Lundfall (@MrChico),Stagnant
2330,EXTSLOAD opcode,"Dominic Letz (@dominicletz), Santiago Palladino (@spalladino)",Stagnant
2333,BLS12-381 Key Generation,Carl Beekhuizen <[email protected]>,Stagnant
2334,BLS12-381 Deterministic Account Hierarchy,Carl Beekhuizen <[email protected]>,Stagnant
2335,BLS12-381 Keystore,Carl Beekhuizen <[email protected]>,Stagnant
2378,EIPs Eligible for Inclusion,James Hancock (@MadeofTin),Stagnant
2386,Ethereum 2 Hierarchical Deterministic Walletstore,Jim McDonald <[email protected]>,Stagnant
2390,Geo-ENS,James Choncholas (@james-choncholas),Stagnant
2400,Transaction Receipt URI,"Ricardo Guilherme Schmidt (@3esmit), Eric Dvorsak (@yenda)",Stagnant
2470,Singleton Factory,Ricardo Guilherme Schmidt (@3esmit),Stagnant
2474,Coinbase calls,Ricardo Guilherme Schmidt (@3esmit),Stagnant
2477,Token Metadata Integrity,"Kristijan Sedlak (@xpepermint), William Entriken <[email protected]>, Witek Radomski <[email protected]>",Stagnant
2488,Deprecate the CALLCODE opcode,Alex Beregszaszi (@axic),Stagnant
2494,Baby Jubjub Elliptic Curve,"Barry WhiteHat (@barryWhiteHat), Marta Bellés (@bellesmarta), Jordi Baylina (@jbaylina)",Stagnant
2515,Implement Difficulty Freeze,James Hancock (@madeoftin),Stagnant
2520,Multiple contenthash records for ENS,Filip Štamcar (@filips123),Stagnant
2525,ENSLogin,Hadrien Croubois (@amxx),Stagnant
2537,Precompile for BLS12-381 curve operations,"Alex Vlasov (@shamatar), Kelly Olson (@ineffectualproperty)",Stagnant
2539,BLS12-377 curve operations,Alex Vlasov (@shamatar),Stagnant
2542,New opcodes TXGASLIMIT and CALLGASLIMIT,Alex Forshtat <[email protected]>,Stagnant
2544,ENS Wildcard Resolution,"Nick Johnson (@arachnid), 0age (@0age)",Stagnant
2566,Human Readable Parameters for Contract Function Execution,Joseph Stockermans (@jstoxrocky),Stagnant
2569,Saving and Displaying Image Onchain for Universal Tokens,"Hua Zhang (@dgczhh), Yuefei Tan (@whtyfhas), Derek Zhou (@zhous), Ran Xing (@lemontreeran)",Stagnant
2583,Penalty for account trie misses,Martin Holst Swende (@holiman),Stagnant
2584,Trie format transition with overlay trees,Guillaume Ballet (@gballet),Stagnant
2593,Escalator fee market change for ETH 1.0 chain,Dan Finlay <[email protected]>,Stagnant
2615,Non-Fungible Token with mortgage and rental functions,Kohshi Shiba <[email protected]>,Stagnant
2645,Hierarchical Deterministic Wallet for Layer-2,"Tom Brand <[email protected]>, Louis Guthmann <[email protected]>",Stagnant
2657,Ephemeral Testnet Yolo,James Hancock (@madeoftin),Stagnant
2666,Repricing of precompiles and Keccak256 function,Alex Vlasov (@shamatar),Stagnant
2680,Ethereum 2 wallet layout,Jim McDonald <[email protected]>,Stagnant
2746,Rules Engine Standard,"Aaron Kendall (@jaerith), Juan Blanco (@juanfranblanco)",Stagnant
2767,Contract Ownership Governance,"Soham Zemse (@zemse), Nick Mudge (@mudgen)",Stagnant
2770,Meta-Transactions Forwarder Contract,"Alex Forshtat (@forshtat), Dror Tirosh (@drortirosh)",Stagnant
2803,Rich Transactions,Micah Zoltu (@MicahZoltu),Stagnant
2831,Transaction Replacement Message Type,Gregory Markou (@GregTheGreek),Stagnant
2844,Add DID related methods to the JSON-RPC,Joel Thorstensson (@oed),Stagnant
2848,My Own Messages (MOM),Giuseppe Bertone (@Neurone),Stagnant
2876,Deposit contract and address standard,Jonathan Underwood (@junderw),Stagnant
2917,Staking Reward Calculation,"Tony Carson <[email protected]>, Mehmet Sabir Kiraz <[email protected]>, Süleyman Karda? <[email protected]>",Stagnant
2926,Chunk-Based Code Merkleization,"Sina Mahmoodi (@s1na), Alex Beregszaszi (@axic)",Stagnant
2935,Save historical block hashes in state,"Vitalik Buterin (@vbuterin), Tomasz Stanczak (@tkstanczak)",Stagnant
2936,EXTCLEAR Opcode For SELFDESTRUCTed contracts,William Morriss (@wjmelements),Stagnant
2937,SET_INDESTRUCTIBLE opcode,Vitalik Buterin (@vbuterin),Stagnant
2938,Account Abstraction,"Vitalik Buterin (@vbuterin), Ansgar Dietrichs (@adietrichs), Matt Garnett (@lightclient), Will Villanueva (@villanuevawill), Sam Wilson (@SamWilsn)",Stagnant
2942,EthPM URI Specification,"Nick Gheorghita (@njgheorghita), Piper Merriam (@pipermerriam), g. nicholas d'andrea (@gnidan), Benjamin Hauser (@iamdefinitelyahuman)",Stagnant
2970,IS_STATIC opcode,Vitalik Buterin (@vbuterin),Stagnant
2980,Swiss Compliant Asset Token,"Gianluca Perletti (@Perlets9), Alan Scarpellini (@alanscarpellini), Roberto Gorini (@robertogorini), Manuel Olivi (@manvel79)",Stagnant
2997,IMPERSONATECALL Opcode,Sergio Demian Lerner (@SergioDemianLerner),Stagnant
3000,Optimistic enactment governance standard,"Jorge Izquierdo (@izqui), Fabien Marino (@bonustrack)",Stagnant
3005,Batched meta transactions,Matt (@defifuture),Stagnant
3009,Transfer With Authorization,"Peter Jihoon Kim (@petejkim), Kevin Britz (@kbrizzle), David Knott (@DavidLKnott)",Stagnant
3014,eth_symbol JSON-RPC method,Peter Grassberger (@PeterTheOne),Stagnant
3026,BW6-761 curve operations,"Youssef El Housni (@yelhousni), Michael Connor (@iAmMichaelConnor), Aurore Guillevic <[email protected]>",Stagnant
3030,BLS Remote Signer HTTP API,Herman Junge (@hermanjunge),Stagnant
3041,Adds `baseFee` to `eth_getBlockByHash`,Abdelhamid Bakhta (@abdelhamidbakhta),Stagnant
3044,Adds `baseFee` to `eth_getBlockByNumber`,Abdelhamid Bakhta (@abdelhamidbakhta),Stagnant
3045,Adds `baseFee` to `eth_getUncleByBlockHashAndIndex`,Abdelhamid Bakhta (@abdelhamidbakhta),Stagnant
3046,Adds `baseFee` to `eth_getUncleByBlockNumberAndIndex`,Abdelhamid Bakhta (@abdelhamidbakhta),Stagnant
3068,Precompile for BN256 HashToCurve Algorithms,Dr. Christopher Gorman (@chgormanMH),Stagnant
3085,Wallet Add Ethereum Chain RPC Method (`wallet_addEthereumChain`),"Erik Marks (@rekmarks), Pedro Gomes (@pedrouid)",Stagnant
3091,Block Explorer API Routes,Pedro Gomes (@pedrouid),Stagnant
3135,Exclusive Claimable Token,Zhenyu Sun (@Ungigdu),Stagnant
3143,Increase block rewards to 5 ETH,Ben Tinner (@Terra854),Stagnant
3155,EVM trace specification,"Martin Holst Swende (@holiman), Marius van der Wijden (@MariusVanDerWijden)",Stagnant
3220,Crosschain Identifier Specification,"Weijia Zhang (@weijia31415), Peter Robinson (@drinkcoffee)",Stagnant
3224,Described Data,"Richard Moore (@ricmoo), Nick Johnson (@arachnid)",Stagnant
3234,Batch Flash Loans,"Alberto Cuesta Cañada (@albertocuestacanada), Fiona Kobayashi (@fifikobayashi), fubuloubu (@fubuloubu), Austin Williams (@onewayfunction)",Stagnant
3238,Difficulty Bomb Delay to Q2/2022,Afri Schoedon (@q9f),Stagnant
3267,Giving Ethereum fees to Future Salaries,"Victor Porton (@vporton), Victor Porton <[email protected]>",Stagnant
3298,Removal of refunds,"Vitalik Buterin (@vbuterin), Martin Swende (@holiman)",Stagnant
3300,Phase out refunds,William Morriss (@wjmelements),Stagnant
3322,Account gas storage opcodes,William Morriss (@wjmelements),Stagnant
3326,Wallet Switch Ethereum Chain RPC Method (`wallet_switchEthereumChain`),Erik Marks (@rekmarks),Stagnant
3336,Paged memory allocation for the EVM,Nick Johnson (@arachnid),Stagnant
3337,Frame pointer support for memory load and store operations,Nick Johnson (@arachnid),Stagnant
3368,"Increase block rewards to 3 ETH, with 2 Year Decay to 1 ETH Scheduled",Michael D. Carter (@BitsBeTrippin),Stagnant
3372,5 FNV primes for ethash,"mineruniter969 (@mineruniter969), mineruniter969 <[email protected]>",Stagnant
3386,ERC-721 and ERC-1155 to ERC-20 Wrapper,Calvin Koder (@ashrowz),Stagnant
3403,Partial removal of refunds,"Vitalik Buterin (@vbuterin), Martin Swende (@holiman)",Stagnant
3416,Median Gas Premium,"HexZorro (@hexzorro), Mojtaba Tefagh (@mtefagh)",Stagnant
3436,Expanded Clique Block Choice Rule,Danno Ferrin (@shemnon),Stagnant
3440,ERC-721 Editions Standard,Nathan Ginnever (@nginnever),Stagnant
3450,Standardized Shamir Secret Sharing Scheme for BIP-39 Mnemonics,Daniel Streit (@danielstreit),Stagnant
3508,Transaction Data Opcodes,Alex Papageorgiou (@alex-ppg),Stagnant
3520,Transaction Destination Opcode,Alex Papageorgiou (@alex-ppg),Stagnant
3521,Reduce access list cost,Matt Garnett (@lightclient),Stagnant
3534,Restricted Chain Context Type Transactions,Isaac Ardis (@whilei),Stagnant
3569,Sealed NFT Metadata Standard,Sean Papanikolas (@pizzarob),Stagnant
3584,Block Access List,"Gajinder Singh (@g11in), Piper Merriam (@pipermerriam)",Stagnant
3589,Assemble assets into NFTs,"Zhenyu Sun (@Ungigdu), Xinqi Yang (@xinqiyang)",Stagnant
3643,T-REX - Token for Regulated EXchanges,"Joachim Lebrun (@Joachim-Lebrun), Tony Malghem (@TonyMalghem), Kevin Thizy (@Nakasar), Luc Falempin (@lfalempin), Adam Boudjemaa (@Aboudjem)",Stagnant
3690,EOF - JUMPDEST Table,"Alex Beregszaszi (@axic), Pawe? Bylica (@chfast), Andrei Maiboroda (@gumb0)",Stagnant
3709,Remove Support for Type 1 Transactions,Gregory Markou (@GregTheGreek),Stagnant
3722,Poster,Auryn Macmillan (@auryn-macmillan),Stagnant
3754,A Vanilla Non-Fungible Token Standard,Simon Tian (@simontianx),Stagnant
3756,Gas Limit Cap,lightclient (@lightclient),Stagnant
3772,Compressed Integers,Soham Zemse (@zemse),Stagnant
3788,Strict enforcement of chainId,Gregory Markou (@GregTheGreek),Stagnant
3978,Gas refunds on reverts,"Anton Bukov (@k06a), Mikhail Melnik (@ZumZoom)",Stagnant
4341,Ordered NFT Batch Standard,Simon Tian (@simontianx),Stagnant
4353,Interface for Staked Tokens in NFTs,"Rex Creed (@aug2uag), Dane Scarborough <[email protected]>",Stagnant
4396,Time-Aware Base Fee Calculation,Ansgar Dietrichs (@adietrichs),Stagnant
4430,Described Transactions,"Richard Moore (@ricmoo), Nick Johnson (@arachnid)",Stagnant
4444,Bound Historical Data in Execution Clients,"George Kadianakis (@asn-d6), lightclient (@lightclient), Alex Stokes (@ralexstokes)",Stagnant
4488,Transaction calldata gas cost reduction with total calldata limit,"Vitalik Buterin (@vbuterin), Ansgar Dietrichs (@adietrichs)",Stagnant
4520,Mult-byte opcodes prefixed by EB and EC.,"Brayton Goodall (@Spore-Druid-Bray), Mihir Faujdar (@uink45)",Stagnant
4521,721/20-compatible transfer,Ross Campbell (@z0r0z),Stagnant
4524,Safer ERC-20,William Schwab (@wschwab),Stagnant
4546,Wrapped Deposits,Justice Hudson (@jchancehud),Stagnant
4573,Procedures for the EVM,"Greg Colvin (@gcolvin), Greg Colvin <[email protected]>",Stagnant
4671,Non-Tradable Tokens Standard,"Omar Aflak (@omaraflak), Pol-Malo Le Bris, Marvin Martin (@MarvinMartin24)",Stagnant
4747,Simplify EIP-161,Peter Davies (@petertdavies),Stagnant
4760,SELFDESTRUCT bomb,"Guillaume Ballet (@gballet), Vitalik Buterin (@vbuterin), Dankrad Feist (@dankrad)",Stagnant
4762,Statelessness gas cost changes,"Guillaume Ballet (@gballet), Vitalik Buterin (@vbuterin), Dankrad Feist (@dankrad)",Stagnant
4799,Non-Fungible Token Ownership Designation Standard,"David Buckman (@davidbuckman), Isaac Buckman (@isaacbuckman)",Stagnant
4803,Limit transaction gas to a maximum of 2^63-1,Alex Beregszaszi (@axic),Stagnant
4863,Beacon chain push withdrawals,"Alex Stokes (@ralexstokes), Danny Ryan (@djrtwo)",Stagnant
4885,Subscription NFTs and Multi Tokens,Jules Lai (@julesl23),Stagnant
4886,Proxy Ownership Register,Omnus Sunmo (@omnus),Stagnant
4931,Generic Token Upgrade Standard,"John Peterson (@John-peterson-coinbase), Roberto Bayardo (@roberto-bayardo), David Núñez (@cygnusv)",Stagnant
5003,Insert Code into EOAs with AUTHUSURP,"Dan Finlay (@danfinlay), Sam Wilson (@SamWilsn)",Stagnant
5022,Increase price of SSTORE from zero to non-zero to 40k gas,Green (@greenlucid),Stagnant
5050,Interactive NFTs with Modular Environments,Alexi (@alexi),Stagnant
5065,Instruction for transferring ether,Mudit Gupta (@maxsam4),Stagnant
5094,URL Format for Ethereum Network Switching,"Luc van Kampen (@lucemans), Jakob Helgesson (@svemat01), Joshua Hendrix (@thejoshuahendrix)",Stagnant
5095,Principal Token,"Julian Traversa (@JTraversa), Robert Robbins (@robrobbins), Alberto Cuesta Cañada (@alcueca)",Stagnant
5131,SAFE Authentication For ENS,"Wilkins Chung (@wwhchung), Jalil Wahdatehagh (@jwahdatehagh), Cry (@crydoteth), Sillytuna (@sillytuna), Cyberpnk (@CyberpnkWin)",Stagnant
5143,Slippage Protection for Tokenized Vault,Hadrien Croubois (@amxx),Stagnant
5185,NFT Updatable Metadata Extension,Christophe Le Bars (@clbrge),Stagnant
5189,Account Abstraction via Endorsed Operations,"Agustín Aguilar (@agusx1211), Philippe Castonguay (@phabc)",Stagnant
5283,Semaphore for Reentrancy Protection,Sergio D. Lerner (@SergioDemianLerner),Stagnant
5345,Silent Signing Extension for JSON-RPC,"Stanley Wu (@fruit37), Mücahit Büyüky?lmaz (@anndro), Muhammed Emin Ayd?n (@muhammedea)",Stagnant
5409,EIP-1155 Non-Fungible Token extension,Ronan Sandford (@wighawag),Stagnant
5478,CREATE2COPY Opcode,Qi Zhou (@qizhou),Stagnant
5505,EIP-1155 asset backed NFT extension,liszechung (@liszechung),Stagnant
5559,Cross Chain Write Deferral Protocol,"Paul Gauvreau (@0xpaulio), Nick Johnson (@arachnid)",Stagnant
5560,Redeemable NFTs,"Olivier Fernandez (@fernandezOli), Frédéric Le Coidic (@FredLC29), Julien Béranger (@julienbrg)",Stagnant
5633,"Composable Soulbound NFT, EIP-1155 Extension",HonorLabs (@honorworldio),Stagnant
3,Addition of CALLDEPTH opcode,Martin Holst Swende <[email protected]>,Withdrawn
67,"URI Scheme with Metadata, Value and Bytecode",Alex Van de Sande (@alexvansande),Withdrawn
875,Simpler NFT standard with batching and native atomic swaps,"Weiwu Zhang <[email protected]>, James Sangalli <[email protected]>",Withdrawn
908,Reward clients for a sustainable network,"James Ray (@jamesray1), Micah Zoltu (@MicahZoltu)",Withdrawn
999,Restore Contract Code at 0x863DF6BFa4469f3ead0bE8f9F2AAE51c91A907b4,Afri Schoedon (@5chdn),Withdrawn
1123,Revised Ethereum Smart Contract Packaging Standard,"g. nicholas d’andrea (@gnidan), Piper Merriam (@pipermerriam), Nick Gheorghita (@njgheorghita), Danny Ryan (@djrtwo)",Withdrawn
1154,Oracle Interface,Alan Lu (@cag),Withdrawn
1240,Remove Difficulty Bomb,Micah Zoltu (@MicahZoltu),Withdrawn
1355,Ethash 1a,"Pawe? Bylica (@chfast), Jean M. Cyr (@jean-m-cyr)",Withdrawn
1538,Transparent Contract Standard,Nick Mudge <[email protected]>,Withdrawn
1682,Storage Rent,"Felix J Lange (@fjl), Martin Holst Swende (@holiman)",Withdrawn
1706,Disable SSTORE with gasleft lower than call stipend,"Alex Forshtat <[email protected]>, Yoav Weiss <[email protected]>",Withdrawn
1890,Commitment to Sustainable Ecosystem Funding,"Gregory Markou <[email protected]>, Kevin Owocki <[email protected]>, Lane Rettig <[email protected]>",Withdrawn
2025,Block Rewards Proposal for funding Eth1.x,James Hancock (@madeoftin),Withdrawn
2315,Simple Subroutines for the EVM,"Greg Colvin (@gcolvin), Martin Holst Swende (@holiman), Brooklyn Zelenka (@expede), John Max Skaller <[email protected]>",Withdrawn
2458,Updates and Updated-by Header,Edson Ayllon (@edsonayllon),Withdrawn
2677,Limit size of `initcode`,"Martin Holst Swende (@holiman), Pawe? Bylica (@chfast), Alex Beregszaszi (@axic)",Withdrawn
2711,"Sponsored, expiring and batch transactions.",Micah Zoltu (@MicahZoltu),Withdrawn
2733,Transaction Package,Matt Garnett (@lightclient),Withdrawn
2780,Reduce intrinsic transaction gas,"Matt Garnett (@lightclient), Uri Klarman (@uriklarman)",Withdrawn
2786,Ethereum Provider Connect/Disconnect Events,"Micah Zoltu (@MicahZoltu), Erik Marks (@rekmarks)",Withdrawn
2972,Wrapped Legacy Transactions,Micah Zoltu (@MicahZoltu),Withdrawn
3332,MEDGASPRICE Opcode,Justice Hudson (@jchancehud),Withdrawn
3338,Limit account nonce to 2^52,"Micah Zoltu (@MicahZoltu), Alex Beregszaszi (@axic)",Withdrawn
3374,Predictable Proof-of-Work (POW) Sunsetting,Query0x (@Query0x),Withdrawn
3382,Hardcoded Block Gas Limit,Philippe Castonguay (@PhABC),Withdrawn
3779,Safer Control Flow for the EVM,"Greg Colvin (@gcolvin), Greg Colvin <[email protected]>, Brooklyn Zelenka (@expede)",Withdrawn
