,Full_Name
0,Carl Larson
1,Aleš Katona
2,Weiji Guo
3,Lefteris Karapetsas
4,winsvega
5,Witek
6,Andrew Parker
7,Ev
8,pix16
9,Medard Mandane
10,Justin Florentine
11,BinaryQuasar
12,John Forrest
13,Andres Guarneros
14,Taehee Yoon
15,Viktor Radchenko
16,bradleat
17,Sebastian C. Bürgel
18,Bas Nijholt
19,chgormanMH
20,Thibault Meunier
21,William Chargin
22,Balaji Shetty Pachai
23,Talha Cross
24,Gabi
25,Cody Burns
26,Ikko Ashimine
27,Micah Zoltu
28,Afri Schoeden
29,Leo Arias
30,Nitika Goel
31,Boris Mann
32,juanchel
33,robzizo
34,Bruno Barbieri
35,Cliff Hall
36,pistomat
37,Kirk Baird
38,niftynathangang
39,Sören Steiger
40,Herman Junge
41,Junseok Lee
42,rotcivegaf
43,flanagansteve
44,hexzorro
45,Daniel Lehrner
46,Vie
47,hjlee9182
48,Ayrat Badykov
49,Adam Schmideg
50,zaq1tomo
51,Andrew Ashikhmin
52,Joe Jordan
53,triggering-event
54,Changhoon Lee
55,Fokion Zervoudakis
56,ifdefelse
57,David Brailovsky
58,Will42
59,Maciej Górski
60,pandadefi
61,Lanre Ige
62,Ilan
63,phiferd
64,0xfawkes
65,will@solv.finance
66,rictorlome
67,Erik van Rijn
68,PhyrexTsai
69,delaaxe
70,Antonio Salazar Cardozo
71,Ian Welsh
72,adeelhasan
73,Mamy Ratsimbazafy
74,yuzushioh
75,Domino Valdano
76,Armando Andini
77,Pavel Motyrev
78,Dror Tirosh
79,yus
80,Bumblefudge
81,mr.yalamanchi
82,Ayman Bouchareb
83,Alex-Klasma
84,Nate Welch
85,HsiaChiHao
86,Antonio Sanso
87,corentinDallenogare
88,Sacha Saint-Leger
89,Ikmyeong Na
90,Matt Galligan
91,David Bieber
92,OmkarK97
93,Mark Beylin
94,Riley
95,Lev Dubinets
96,g. nicholas d'andrea
97,gary rong
98,Nielsen
99,Patrick Gallagher
100,taek
101,Sungho Hwang
102,Suleman Kardas
103,vub
104,Philippe Dumonet
105,David Stanfill
106,Jack Peterson
107,Albert
108,EOS Classic
109,Ori Pomerantz
110,meowsbits
111,Simon Jentzsch
112,ethosdev
113,Lucas Vogelsang
114,DHRUV
115,Sudeep Biswas
116,Justin Silver
117,Dean Eigenmann
118,Drake Evans
119,chaals
120,Jordan Schalm
121,Little Sheep
122,gluk256
123,Andrew Cooke
124,donBarbos
125,Lee Raj
126,Suriyaa Sundararuban
127,Carl Beekhuizen
128,Uri Klarman
129,kevinbogner
130,Holger Drewes
131,Chance Hudson
132,KBT Admin
133,adam-alchemy
134,Jacques Dafflon
135,Ivo Georgiev
136,Noah Zinsmeister
137,AlexandreBelling
138,Bryan Stitt
139,Muhammad Altabba
140,benk10
141,Zhihao Chen
142,Xinyang
143,Sho IIZUKA
144,Eric Winer
145,Angel Leon
146,pldespaigne
147,Kashish Khullar
148,c-g-e-w-e-k-e-
149,Frank.R.Wu
150,misrab
151,Trustfarm-heart
152,Alex Forshtat
153,null_radix
154,marianasoff
155,bitspill
156,Dmitriy Fishman
157,Jonny Rhea
158,Hudson Jameson
159,Viktor Trón
160,Alita Moore
161,Yamen Merhi
162,Jason Carver
163,Sally MacFarlane
164,Yoichi Hirai
165,Jean Cvllr
166,Logan Saether
167,Artem Chystiakov
168,Spirin Vladimir
169,aspoky
170,Tobias Oberstein
171,Andrew Miller
172,Cyril Lapinte
173,Noel Maersk
174,tserg
175,maurelian
176,smithereens
177,P. Misirov
178,cf
179,Gabriel Barros
180,Enrique Ortiz
181,Agustin Aguilar
182,Mandar Vaze
183,Fredrik Svantes
184,Tadashi
185,jeffishjeff
186,Nilang-Decentral
187,Jochem Brouwer
188,Chaitanya Potti
189,cha0sg0d
190,g11tech
191,GT
192,Dan Finlay
193,Joey
194,Tal Ater
195,yoshinori fukushima
196,Daniel Cousens
197,Duncan Westland
198,Lane Rettig
199,SuryaSJit
200,Jeffrey Wilcke
201,Bogdan Gusiev
202,The Officious BokkyPooBah
203,Antoine Toulme
204,Clément Lesaege
205,Ahmad Bitar
206,Paul Bouchon
207,Jean-Philippe Aumasson
208,Andrea Lanfranchi
209,Garcia
210,DB Hurley
211,Radek
212,Paul Miller
213,James Sangalli
214,Rai Ratan Sur
215,yoav-tabookey
216,David Hermann Brandt
217,Maxim
218,Rikard Hjort
219,Hadrien Croubois
220,Mikhail Grechannikov
221,Sam Richards
222,emojidao
223,Dionysis Zindros
224,frenchkebab
225,VexyCats
226,Patricio Palladino
227,sherbst
228,MattLongCT
229,Franco Victorio
230,query0x
231,cslarson
232,HAOYUatHZ
233,Mohamed Abdulaziz
234,Kohshi Shiba
235,EmojiDao
236,WTRMQDev
237,Tom Brand
238,alex-forshtat-tbk
239,Adrian Ciurdărean
240,Mister-Meeseeks
241,Jay Logelin
242,louisguthmannStarkWare
243,Daniel Luca
244,Taha Dhailey
245,Suning Yao
246,achon22
247,Fatih
248,Maurelian
249,Remco Bloemen
250,Watson Ladd
251,knarfeh
252,Dave Sag
253,Lucas Cullen
254,juztin
255,Shoaib Ahmed
